產業別,股票代碼,股票名稱,市場別,更新日期
ETF,0050,元大台灣50,twse,2021-05-17
ETF,0051,元大中型100,twse,2021-05-17
ETF,0052,富邦科技,twse,2021-05-17
ETF,0053,元大電子,twse,2021-05-17
ETF,0054,元大台商50,twse,2021-05-17
ETF,0055,元大MSCI金融,twse,2021-05-17
ETF,0056,元大高股息,twse,2021-05-17
ETF,0057,富邦摩台,twse,2021-05-17
ETF,0058,富邦發達,twse,2021-05-17
ETF,0059,富邦金融,twse,2021-05-17
ETF,0060,新台灣,twse,2021-05-17
ETF,0061,元大寶滬深,twse,2021-05-17
上櫃指數股票型基金(ETF),006201,元大富櫃50,tpex,2021-05-17
ETF,006203,元大MSCI台灣,twse,2021-05-17
ETF,006204,永豐臺灣加權,twse,2021-05-17
ETF,006205,富邦上証,twse,2021-05-17
ETF,006206,元大上證50,twse,2021-05-17
ETF,006207,FH滬深,twse,2021-05-17
ETF,006208,富邦台50,twse,2021-05-17
ETF,00625K,富邦上証+R,twse,2021-05-17
ETF,00631L,元大台灣50正2,twse,2021-05-17
ETF,00632R,元大台灣50反1,twse,2021-05-17
ETF,00633L,富邦上証正2,twse,2021-05-17
ETF,00634R,富邦上証反1,twse,2021-05-17
ETF,00635U,期元大S&P黃金,twse,2021-05-17
ETF,00636,國泰中國A50,twse,2021-05-17
ETF,00636K,國泰中國A50+U,twse,2021-05-17
ETF,00637L,元大滬深300正2,twse,2021-05-17
ETF,00638R,元大滬深300反1,twse,2021-05-17
ETF,00639,富邦深100,twse,2021-05-17
ETF,00640L,富邦日本正2,twse,2021-05-17
ETF,00641R,富邦日本反1,twse,2021-05-17
ETF,00642U,期元大S&P石油,twse,2021-05-17
ETF,00643,群益深証中小,twse,2021-05-17
ETF,00643K,群益深証中小+R,twse,2021-05-17
ETF,00645,富邦日本,twse,2021-05-17
ETF,00646,元大S&P500,twse,2021-05-17
ETF,00647L,元大S&P500正2,twse,2021-05-17
ETF,00648R,元大S&P500反1,twse,2021-05-17
ETF,00649,FH香港,twse,2021-05-17
ETF,00650L,FH香港正2,twse,2021-05-17
ETF,00651R,FH香港反1,twse,2021-05-17
ETF,00652,富邦印度,twse,2021-05-17
ETF,00653L,富邦印度正2,twse,2021-05-17
ETF,00654R,富邦印度反1,twse,2021-05-17
ETF,00655L,國泰中國A50正2,twse,2021-05-17
ETF,00656R,國泰中國A50反1,twse,2021-05-17
ETF,00657,國泰日經225,twse,2021-05-17
ETF,00657K,國泰日經225+U,twse,2021-05-17
ETF,00658L,國泰日本正2,twse,2021-05-17
ETF,00659R,國泰日本反1,twse,2021-05-17
ETF,00660,元大歐洲50,twse,2021-05-17
ETF,00661,元大日經225,twse,2021-05-17
ETF,00662,富邦NASDAQ,twse,2021-05-17
ETF,00663L,國泰臺灣加權正2,twse,2021-05-17
ETF,00664R,國泰臺灣加權反1,twse,2021-05-17
ETF,00665L,富邦恒生國企正2,twse,2021-05-17
ETF,00666R,富邦恒生國企反1,twse,2021-05-17
ETF,00667,元大韓國,twse,2021-05-17
ETF,00668,國泰美國道瓊,twse,2021-05-17
ETF,00668K,國泰美國道瓊+U,twse,2021-05-17
ETF,00669R,國泰美國道瓊反1,twse,2021-05-17
ETF,00670L,富邦NASDAQ正2,twse,2021-05-17
ETF,00671R,富邦NASDAQ反1,twse,2021-05-17
ETF,00672L,元大S&P原油正2,twse,2021-05-17
ETF,00673R,期元大S&P原油反1,twse,2021-05-17
ETF,00674R,期元大S&P黃金反1,twse,2021-05-17
ETF,00675L,富邦臺灣加權正2,twse,2021-05-17
ETF,00676R,富邦臺灣加權反1,twse,2021-05-17
ETF,00677U,期富邦VIX,twse,2021-05-17
ETF,00678,群益NBI生技,twse,2021-05-17
上櫃指數股票型基金(ETF),00679B,元大美債20年,tpex,2021-05-17
ETF,00680L,元大美債20正2,twse,2021-05-17
ETF,00681R,元大美債20反1,twse,2021-05-17
ETF,00682U,期元大美元指數,twse,2021-05-17
ETF,00683L,期元大美元指正2,twse,2021-05-17
ETF,00684R,期元大美元指反1,twse,2021-05-17
ETF,00685L,群益臺灣加權正2,twse,2021-05-17
ETF,00686R,群益臺灣加權反1,twse,2021-05-17
上櫃指數股票型基金(ETF),00687B,國泰20年美債,tpex,2021-05-17
ETF,00688L,國泰20年美債正2,twse,2021-05-17
ETF,00689R,國泰20年美債反1,twse,2021-05-17
ETF,00690,兆豐藍籌30,twse,2021-05-17
ETF,00691R,兆豐藍籌30反1,twse,2021-05-17
ETF,00692,富邦公司治理,twse,2021-05-17
ETF,00693U,期街口S&P黃豆,twse,2021-05-17
上櫃指數股票型基金(ETF),00694B,富邦美債1-3,tpex,2021-05-17
上櫃指數股票型基金(ETF),00695B,富邦美債7-10,tpex,2021-05-17
上櫃指數股票型基金(ETF),00696B,富邦美債20年,tpex,2021-05-17
上櫃指數股票型基金(ETF),00697B,元大美債7-10,tpex,2021-05-17
ETF,00698L,元大美債7-10正2,twse,2021-05-17
ETF,00699R,元大美債7-10反1,twse,2021-05-17
ETF,00700,富邦恒生國企,twse,2021-05-17
ETF,00701,國泰股利精選30,twse,2021-05-17
ETF,00702,國泰標普低波高息,twse,2021-05-17
ETF,00703,台新MSCI中國,twse,2021-05-17
ETF,00704L,台新MSCI台灣正2,twse,2021-05-17
ETF,00705R,台新MSCI台灣反1,twse,2021-05-17
ETF,00706L,期元大S&P日圓正2,twse,2021-05-17
ETF,00707R,期元大S&P日圓反1,twse,2021-05-17
ETF,00708L,期元大S&P黃金正2,twse,2021-05-17
ETF,00709,富邦歐洲,twse,2021-05-17
ETF,00710B,FH彭博高收益債,twse,2021-05-17
ETF,00711B,FH彭博新興債,twse,2021-05-17
ETF,00712,FH富時不動產,twse,2021-05-17
ETF,00713,元大台灣高息低波,twse,2021-05-17
ETF,00714,群益道瓊美國地產,twse,2021-05-17
ETF,00715L,期街口布蘭特正2,twse,2021-05-17
ETF,00716R,華頓S&P布蘭特反1,twse,2021-05-17
ETF,00717,富邦美國特別股,twse,2021-05-17
上櫃指數股票型基金(ETF),00718B,富邦中國政策債,tpex,2021-05-17
上櫃指數股票型基金(ETF),00719B,元大美債1-3,tpex,2021-05-17
上櫃指數股票型基金(ETF),00720B,元大投資級公司債,tpex,2021-05-17
上櫃指數股票型基金(ETF),00721B,元大中國債3-5,tpex,2021-05-17
上櫃指數股票型基金(ETF),00722B,群益15年IG電信債,tpex,2021-05-17
上櫃指數股票型基金(ETF),00723B,群益15年IG科技債,tpex,2021-05-17
上櫃指數股票型基金(ETF),00724B,群益10年IG金融債,tpex,2021-05-17
上櫃指數股票型基金(ETF),00725B,國泰投資級公司債,tpex,2021-05-17
上櫃指數股票型基金(ETF),00726B,國泰5Y+新興債,tpex,2021-05-17
上櫃指數股票型基金(ETF),00727B,國泰1-5Y高收債,tpex,2021-05-17
ETF,00728,第一金工業30,twse,2021-05-17
ETF,00729R,第一金工業30反1,twse,2021-05-17
ETF,00730,富邦臺灣優質高息,twse,2021-05-17
ETF,00731,FH富時高息低波,twse,2021-05-17
ETF,00732,國泰RMB短期報酬,twse,2021-05-17
ETF,00733,富邦臺灣中小,twse,2021-05-17
上櫃指數股票型基金(ETF),00734B,台新JPM新興債,tpex,2021-05-17
ETF,00735,國泰臺韓科技,twse,2021-05-17
ETF,00736,國泰新興市場,twse,2021-05-17
ETF,00737,國泰AI+Robo,twse,2021-05-17
ETF,00738U,期元大道瓊白銀,twse,2021-05-17
ETF,00739,元大MSCI A股,twse,2021-05-17
上櫃指數股票型基金(ETF),00740B,富邦全球投等債,tpex,2021-05-17
上櫃指數股票型基金(ETF),00741B,富邦全球高收債,tpex,2021-05-17
ETF,00742,新光內需收益,twse,2021-05-17
ETF,00743,國泰中國A150,twse,2021-05-17
上櫃指數股票型基金(ETF),00744B,國泰中國政金債5+,tpex,2021-05-17
上櫃指數股票型基金(ETF),00745B,富邦中政債0-1,tpex,2021-05-17
上櫃指數股票型基金(ETF),00746B,富邦A級公司債,tpex,2021-05-17
上櫃指數股票型基金(ETF),00747B,FH中國政策債,tpex,2021-05-17
上櫃指數股票型基金(ETF),00748B,凱基中國債3-10,tpex,2021-05-17
上櫃指數股票型基金(ETF),00749B,凱基新興債10+,tpex,2021-05-17
上櫃指數股票型基金(ETF),00750B,凱基科技債10+,tpex,2021-05-17
上櫃指數股票型基金(ETF),00751B,元大AAA至A公司債,tpex,2021-05-17
ETF,00752,中信中國50,twse,2021-05-17
ETF,00753L,中信中國50正2,twse,2021-05-17
上櫃指數股票型基金(ETF),00754B,群益AAA-AA公司債,tpex,2021-05-17
上櫃指數股票型基金(ETF),00755B,群益15年IG公用債,tpex,2021-05-17
上櫃指數股票型基金(ETF),00756B,群益15年EM主權債,tpex,2021-05-17
ETF,00757,統一FANG+,twse,2021-05-17
上櫃指數股票型基金(ETF),00758B,FH能源債,tpex,2021-05-17
上櫃指數股票型基金(ETF),00759B,FH製藥債,tpex,2021-05-17
上櫃指數股票型基金(ETF),00760B,FH新興企業債,tpex,2021-05-17
上櫃指數股票型基金(ETF),00761B,國泰A級公司債,tpex,2021-05-17
ETF,00762,元大全球AI,twse,2021-05-17
ETF,00763U,期街口道瓊銅,twse,2021-05-17
上櫃指數股票型基金(ETF),00764B,群益25年美債,tpex,2021-05-17
上櫃指數股票型基金(ETF),00765B,群益中國政金債,tpex,2021-05-17
ETF,00766L,台新MSCI中國正2,twse,2021-05-17
ETF,00767,FH美國金融股,twse,2021-05-17
上櫃指數股票型基金(ETF),00768B,FH20年美債,tpex,2021-05-17
ETF,00770,國泰北美科技,twse,2021-05-17
ETF,00771,元大US高息特別股,twse,2021-05-17
上櫃指數股票型基金(ETF),00772B,中信高評級公司債,tpex,2021-05-17
上櫃指數股票型基金(ETF),00773B,中信優先金融債,tpex,2021-05-17
ETF,00774B,新光中國政金綠債,twse,2021-05-17
ETF,00774C,新光中政金綠債+R,twse,2021-05-17
ETF,00775B,新光投等債15+,twse,2021-05-17
ETF,00776,新光ICE美國權值,twse,2021-05-17
上櫃指數股票型基金(ETF),00777B,凱基AAA至A公司債,tpex,2021-05-17
上櫃指數股票型基金(ETF),00778B,凱基金融債20+,tpex,2021-05-17
上櫃指數股票型基金(ETF),00779B,凱基美債25+,tpex,2021-05-17
上櫃指數股票型基金(ETF),00780B,國泰A級金融債,tpex,2021-05-17
上櫃指數股票型基金(ETF),00781B,國泰A級科技債,tpex,2021-05-17
上櫃指數股票型基金(ETF),00782B,國泰A級公用債,tpex,2021-05-17
ETF,00783,富邦中証500,twse,2021-05-17
上櫃指數股票型基金(ETF),00784B,富邦中國投等債,tpex,2021-05-17
上櫃指數股票型基金(ETF),00785B,富邦金融投等債,tpex,2021-05-17
上櫃指數股票型基金(ETF),00786B,元大10年IG銀行債,tpex,2021-05-17
上櫃指數股票型基金(ETF),00787B,元大10年IG醫療債,tpex,2021-05-17
上櫃指數股票型基金(ETF),00788B,元大10年IG電能債,tpex,2021-05-17
上櫃指數股票型基金(ETF),00789B,FH公司債A3,tpex,2021-05-17
上櫃指數股票型基金(ETF),00790B,FH次順位IG金融債,tpex,2021-05-17
上櫃指數股票型基金(ETF),00791B,FH美元信用債1-5Y,tpex,2021-05-17
上櫃指數股票型基金(ETF),00792B,群益A級公司債,tpex,2021-05-17
上櫃指數股票型基金(ETF),00793B,群益AAA-A醫療債,tpex,2021-05-17
上櫃指數股票型基金(ETF),00794B,群益7+中國政金債,tpex,2021-05-17
上櫃指數股票型基金(ETF),00795B,中信美國公債20年,tpex,2021-05-17
上櫃指數股票型基金(ETF),00796B,中信中國債7-10,tpex,2021-05-17
上櫃指數股票型基金(ETF),00798B,國泰中企A級債7+,tpex,2020-07-16
上櫃指數股票型基金(ETF),00799B,國泰A級醫療債,tpex,2021-05-17
ETF,0080,恒中國,twse,2021-05-17
ETF,0081,恒香港,twse,2021-05-17
ETF,008201,BP上證50,twse,2021-05-17
ETF,00830,國泰費城半導體,twse,2021-05-17
上櫃指數股票型基金(ETF),00831B,新光美債1-3,tpex,2021-05-17
上櫃指數股票型基金(ETF),00832B,新光美債20+,tpex,2021-05-17
上櫃指數股票型基金(ETF),00833B,第一金美債20+,tpex,2020-12-03
上櫃指數股票型基金(ETF),00834B,第一金金融債10+,tpex,2021-05-17
上櫃指數股票型基金(ETF),00835B,第一金科技債10+,tpex,2020-06-24
上櫃指數股票型基金(ETF),00836B,永豐10年A公司債,tpex,2021-05-17
上櫃指數股票型基金(ETF),00837B,永豐15年金融債,tpex,2020-07-02
上櫃指數股票型基金(ETF),00838B,永豐7-10年中國債,tpex,2021-05-17
上櫃指數股票型基金(ETF),00839B,凱基醫療保健債,tpex,2021-05-17
上櫃指數股票型基金(ETF),00840B,凱基IG精選15+,tpex,2021-05-17
上櫃指數股票型基金(ETF),00841B,凱基AAA-AA公司債,tpex,2021-05-17
上櫃指數股票型基金(ETF),00842B,台新美元銀行債,tpex,2021-05-17
上櫃指數股票型基金(ETF),00843B,台新中國政策債,tpex,2021-05-17
上櫃指數股票型基金(ETF),00844B,新光15年IG金融債,tpex,2021-05-17
上櫃指數股票型基金(ETF),00845B,富邦新興投等債,tpex,2021-05-17
上櫃指數股票型基金(ETF),00846B,富邦歐洲銀行債,tpex,2021-05-17
上櫃指數股票型基金(ETF),00847B,中信美國市政債,tpex,2021-05-17
上櫃指數股票型基金(ETF),00848B,中信新興亞洲債,tpex,2021-05-17
上櫃指數股票型基金(ETF),00849B,中信EM主權債0-5,tpex,2021-05-17
ETF,00850,元大臺灣ESG永續,twse,2021-05-17
ETF,00851,台新全球AI,twse,2021-05-17
ETF,00852L,國泰美國道瓊正2,twse,2021-05-17
上櫃指數股票型基金(ETF),00853B,統一美債10年Aa-A,tpex,2021-05-17
上櫃指數股票型基金(ETF),00854B,富邦全球保險債,tpex,2020-12-04
上櫃指數股票型基金(ETF),00855B,富邦全球能源債,tpex,2020-12-04
上櫃指數股票型基金(ETF),00856B,永豐1-3年美公債,tpex,2021-05-17
上櫃指數股票型基金(ETF),00857B,永豐20年美公債,tpex,2021-05-17
上櫃指數股票型基金(ETF),00858,永豐美國500大,tpex,2021-05-17
上櫃指數股票型基金(ETF),00859B,群益0-1年美債,tpex,2021-05-17
上櫃指數股票型基金(ETF),00860B,群益1-5年IG債,tpex,2021-05-17
ETF,00861,元大全球未來通訊,twse,2021-05-17
上櫃指數股票型基金(ETF),00862B,中信投資級公司債,tpex,2021-05-17
上櫃指數股票型基金(ETF),00863B,中信全球電信債,tpex,2021-05-17
上櫃指數股票型基金(ETF),00864B,中信美國公債0-1,tpex,2021-05-17
ETF,00865B,國泰US短期公債,twse,2021-05-17
ETF,00866,新光Shiller CAPE,twse,2021-05-17
上櫃指數股票型基金(ETF),00867B,新光A-BBB電信債,tpex,2021-05-17
上櫃指數股票型基金(ETF),00868B,FT1-3年美公債,tpex,2021-05-14
上櫃指數股票型基金(ETF),00869B,FT10-25年公司債,tpex,2021-05-17
上櫃指數股票型基金(ETF),00870B,元大15年EM主權債,tpex,2021-05-17
上櫃指數股票型基金(ETF),00871B,元大中國政金債,tpex,2021-03-03
上櫃指數股票型基金(ETF),00872B,凱基美債1-3,tpex,2021-05-17
上櫃指數股票型基金(ETF),00873B,凱基新興債1-5,tpex,2021-02-23
上櫃指數股票型基金(ETF),00874B,凱基BBB公司債15+,tpex,2021-02-23
ETF,00875,國泰網路資安,twse,2021-05-17
ETF,00876,元大未來關鍵科技,twse,2021-05-17
上櫃指數股票型基金(ETF),00877,FH中國5G,tpex,2021-05-17
ETF,00878,國泰永續高股息,twse,2021-05-17
上櫃指數股票型基金(ETF),00879B,第一金美債0-1,tpex,2021-05-17
上櫃指數股票型基金(ETF),00880B,第一金電信債15+,tpex,2021-05-17
ETF,00881,國泰台灣5G+,twse,2021-05-17
ETF,00882,中信中國高股息,twse,2021-05-17
上櫃指數股票型基金(ETF),00883B,中信ESG投資級債,tpex,2021-05-17
上櫃指數股票型基金(ETF),00884B,中信低碳新興債,tpex,2021-05-17
ETF,00885,富邦越南,twse,2021-05-17
上櫃指數股票型基金(ETF),00886,永豐美國科技,tpex,2021-05-17
上櫃指數股票型基金(ETF),00887,永豐中國科技50大,tpex,2021-05-17
上櫃指數股票型基金(ETF),00888,永豐台灣ESG,tpex,2021-05-17
上櫃指數股票型基金(ETF),00889B,凱基ESG新興債15+,tpex,2021-05-17
上櫃指數股票型基金(ETF),00890B,凱基ESG BBB債15+,tpex,2021-05-17
受益證券,01001T,土銀富邦R1,twse,2020-11-14
受益證券,01002T,土銀國泰R1,twse,2020-11-14
受益證券,01003T,兆豐新光R1,twse,2020-11-14
受益證券,01004T,土銀富邦R2,twse,2020-11-14
受益證券,01005T,三鼎,twse,2020-11-14
受益證券,01007T,兆豐國泰R2,twse,2020-11-14
受益證券,01008T,駿馬R1,twse,2020-11-14
受益證券,01009T,王道圓滿R1,twse,2020-11-14
指數投資證券(ETN),020001,富邦存股雙十N,tpex,2021-05-17
指數投資證券(ETN),020003,統一漲升股利150N,tpex,2021-05-17
指數投資證券(ETN),020009,群益A50綠碳N,tpex,2021-05-17
指數投資證券(ETN),020010,永昌富櫃200N,tpex,2021-05-17
指數投資證券(ETN),020013,元富亞洲高股息N,tpex,2021-05-17
指數投資證券(ETN),020014,元大富櫃200N,tpex,2021-05-17
指數投資證券(ETN),020017,永豐富櫃200N,tpex,2021-05-17
指數投資證券(ETN),02001B,統一美國政府債N,tpex,2021-05-17
指數投資證券(ETN),020021,統一恒生科技N,tpex,2021-05-17
指數投資證券(ETN),020023,元大櫃買半導體N,tpex,2021-05-17
指數投資證券(ETN),020024,兆豐富櫃200N,tpex,2021-05-17
指數投資證券(ETN),02002L,兆豐富櫃200正二N,tpex,2021-05-17
指數投資證券(ETN),02003L,永豐富櫃200正2N,tpex,2021-05-17
水泥工業,1101,台泥,twse,2021-05-17
水泥工業,1101B,台泥乙特,twse,2021-05-17
水泥工業,1102,亞泥,twse,2021-05-17
水泥工業,1103,嘉泥,twse,2021-05-17
水泥工業,1104,環泥,twse,2021-05-17
其他,1107,建台,twse,2021-05-17
水泥工業,1108,幸福,twse,2021-05-17
水泥工業,1109,信大,twse,2021-05-17
水泥工業,1110,東泥,twse,2021-05-17
食品工業,1201,味全,twse,2021-05-17
食品工業,1203,味王,twse,2021-05-17
食品工業,1210,大成,twse,2021-05-17
食品工業,1213,大飲,twse,2021-05-17
食品工業,1215,卜蜂,twse,2021-05-17
食品工業,1216,統一,twse,2021-05-17
食品工業,1217,愛之味,twse,2021-05-17
食品工業,1218,泰山,twse,2021-05-17
食品工業,1219,福壽,twse,2021-05-17
食品工業,1220,台榮,twse,2021-05-17
食品工業,1225,福懋油,twse,2021-05-17
食品工業,1227,佳格,twse,2021-05-17
食品工業,1229,聯華,twse,2021-05-17
電器電纜,1230,聯成食,twse,2021-05-17
食品工業,1231,聯華食,twse,2021-05-17
食品工業,1232,大統益,twse,2021-05-17
食品工業,1233,天仁,twse,2021-05-17
食品工業,1234,黑松,twse,2021-05-17
食品工業,1235,興泰,twse,2021-05-17
食品工業,1236,宏亞,twse,2021-05-17
農業科技業,1240,茂生農經,tpex,2021-05-17
食品工業,1256,鮮活果汁-KY,twse,2021-05-17
食品工業,1258,其祥-KY,tpex,2021-05-17
觀光事業,1259,安心,tpex,2021-05-17
其他,1262,綠悅-KY,twse,2021-05-17
食品工業,1264,德麥,tpex,2021-05-17
觀光事業,1268,漢來美食,tpex,2021-05-17
塑膠工業,1301,台塑,twse,2021-05-17
塑膠工業,1303,南亞,twse,2021-05-17
塑膠工業,1304,台聚,twse,2021-05-17
塑膠工業,1305,華夏,twse,2021-05-17
塑膠工業,1307,三芳,twse,2021-05-17
塑膠工業,1308,亞聚,twse,2021-05-17
塑膠工業,1309,台達化,twse,2021-05-17
塑膠工業,1310,台苯,twse,2021-05-17
塑膠工業,1311,福聚,twse,2021-05-17
塑膠工業,1312,國喬,twse,2021-05-17
塑膠工業,1312A,國喬特,twse,2021-05-17
塑膠工業,1313,聯成,twse,2021-05-17
塑膠工業,1314,中石化,twse,2021-05-17
塑膠工業,1315,達新,twse,2021-05-17
建材營造,1316,上曜,twse,2021-05-17
汽車工業,1319,東陽,twse,2021-05-17
塑膠工業,1321,大洋,twse,2021-05-17
塑膠工業,1323,永裕,twse,2021-05-17
塑膠工業,1324,地球,twse,2021-05-17
塑膠工業,1325,恆大,twse,2021-05-17
塑膠工業,1326,台化,twse,2021-05-17
電子零組件類,1336,台翰,tpex,2021-05-17
塑膠工業,1337,再生-KY,twse,2021-05-17
汽車工業,1338,廣華-KY,twse,2021-05-17
汽車工業,1339,昭輝,twse,2021-05-17
塑膠工業,1340,勝悅-KY,twse,2021-05-17
塑膠工業,1341,富林-KY,twse,2021-05-17
其他,1342,八貫,twse,2021-05-17
紡織纖維,1402,遠東新,twse,2021-05-17
紡織纖維,1409,新纖,twse,2021-05-17
紡織纖維,1410,南染,twse,2021-05-17
紡織纖維,1413,宏洲,twse,2021-05-17
紡織纖維,1414,東和,twse,2021-05-17
其他,1416,廣豐,twse,2021-05-17
紡織纖維,1417,嘉裕,twse,2021-05-17
紡織纖維,1418,東華,twse,2021-05-17
紡織纖維,1419,新紡,twse,2021-05-17
紡織纖維,1423,利華,twse,2021-05-17
貿易百貨,1432,大魯閣,twse,2021-05-17
紡織纖維,1434,福懋,twse,2021-05-17
其他,1435,中福,twse,2021-05-17
建材營造,1436,華友聯,twse,2021-05-17
其他,1437,勤益控,twse,2021-05-17
建材營造,1438,三地開發,twse,2021-05-17
紡織纖維,1439,中和,twse,2021-05-17
紡織纖維,1440,南紡,twse,2021-05-17
紡織纖維,1441,大東,twse,2021-05-17
建材營造,1442,名軒,twse,2021-05-17
紡織纖維,1443,立益,twse,2021-05-17
紡織纖維,1444,力麗,twse,2021-05-17
紡織纖維,1445,大宇,twse,2021-05-17
紡織纖維,1446,宏和,twse,2021-05-17
紡織纖維,1447,力鵬,twse,2021-05-17
紡織纖維,1449,佳和,twse,2021-05-17
紡織纖維,1451,年興,twse,2021-05-17
紡織纖維,1452,宏益,twse,2021-05-17
紡織纖維,1453,大將,twse,2021-05-17
紡織纖維,1454,台富,twse,2021-05-17
紡織纖維,1455,集盛,twse,2021-05-17
紡織纖維,1456,怡華,twse,2021-05-17
紡織纖維,1457,宜進,twse,2021-05-17
紡織纖維,1459,聯發,twse,2021-05-17
紡織纖維,1460,宏遠,twse,2021-05-17
紡織纖維,1463,強盛,twse,2021-05-17
紡織纖維,1464,得力,twse,2021-05-17
紡織纖維,1465,偉全,twse,2021-05-17
紡織纖維,1466,聚隆,twse,2021-05-17
紡織纖維,1467,南緯,twse,2021-05-17
紡織纖維,1468,昶和,twse,2021-05-17
紡織纖維,1469,理隆,twse,2021-05-17
紡織纖維,1470,大統新創,twse,2021-05-17
電子工業,1471,首利,twse,2021-05-17
電子零組件業,1471,首利,twse,2021-05-17
紡織纖維,1472,三洋紡,twse,2021-05-17
紡織纖維,1473,台南,twse,2021-05-17
紡織纖維,1474,弘裕,twse,2021-05-17
紡織纖維,1475,業旺,twse,2021-05-17
紡織纖維,1476,儒鴻,twse,2021-05-17
紡織纖維,1477,聚陽,twse,2021-05-17
電機機械,1503,士電,twse,2021-05-17
電機機械,1504,東元,twse,2021-05-17
電機機械,1506,正道,twse,2021-05-17
電機機械,1507,永大,twse,2021-05-17
汽車工業,1512,瑞利,twse,2021-05-17
電機機械,1513,中興電,twse,2021-05-17
電機機械,1514,亞力,twse,2021-05-17
電機機械,1515,力山,twse,2021-05-17
其他,1516,川飛,twse,2021-05-17
電機機械,1517,利奇,twse,2021-05-17
電機機械,1519,華城,twse,2021-05-17
其他,1520,復盛,twse,2021-05-17
汽車工業,1521,大億,twse,2021-05-17
汽車工業,1522,堤維西,twse,2021-05-17
電機機械,1523,開億,twse,2021-05-17
汽車工業,1524,耿鼎,twse,2021-05-17
汽車工業,1525,江申,twse,2021-05-17
電機機械,1526,日馳,twse,2021-05-17
電機機械,1527,鑽全,twse,2021-05-17
電機機械,1528,恩德,twse,2021-05-17
電機機械,1529,樂士,twse,2021-05-17
電機機械,1530,亞崴,twse,2021-05-17
電機機械,1531,高林股,twse,2021-05-17
電機機械,1532,勤美,twse,2021-05-17
汽車工業,1533,車王電,twse,2021-05-17
電機機械,1535,中宇,twse,2021-05-17
汽車工業,1536,和大,twse,2021-05-17
電機機械,1537,廣隆,twse,2021-05-17
電機機械,1538,正峰,twse,2021-05-17
電機機械,1539,巨庭,twse,2021-05-17
電機機械,1540,喬福,twse,2021-05-17
電機機械,1541,錩泰,twse,2021-05-17
電機機械,1558,伸興,twse,2021-05-17
電機機械,1560,中砂,twse,2021-05-17
生技醫療類,1565,精華,tpex,2021-05-17
汽車工業,1568,倉佑,twse,2021-05-17
電腦及週邊類,1569,濱川,tpex,2021-05-17
電機機械,1570,力肯,tpex,2021-05-17
電機機械,1580,新麥,tpex,2021-05-17
電子工業,1582,信錦,twse,2021-05-17
電子零組件業,1582,信錦,twse,2021-05-17
電機機械,1583,程泰,twse,2021-05-17
其他,1584,精剛,tpex,2021-05-17
電機機械,1586,和勤,tpex,2021-05-17
汽車工業,1587,吉茂,twse,2021-05-17
電機機械,1589,永冠-KY,twse,2021-05-17
電機機械,1590,亞德客-KY,twse,2021-05-17
電機機械,1591,駿吉-KY,tpex,2021-05-17
汽車工業,1592,英瑞-KY,twse,2021-05-17
生技醫療類,1593,祺驊,tpex,2021-05-17
電子零組件類,1595,川寶,tpex,2021-05-17
電機機械,1597,直得,twse,2021-05-17
化學生技醫療,1598,岱宇,twse,2021-05-17
生技醫療業,1598,岱宇,twse,2021-05-17
電機機械,1599,宏佳騰,tpex,2021-05-17
電器電纜,1601,台光,twse,2021-05-17
電器電纜,1603,華電,twse,2021-05-17
電器電纜,1604,聲寶,twse,2021-05-17
電器電纜,1605,華新,twse,2021-05-17
電器電纜,1606,歌林,twse,2021-05-17
電器電纜,1608,華榮,twse,2021-05-17
電器電纜,1609,大亞,twse,2021-05-17
電器電纜,1611,中電,twse,2021-05-17
電器電纜,1612,宏泰,twse,2021-05-17
電器電纜,1613,台一,twse,2021-05-17
電器電纜,1614,三洋電,twse,2021-05-17
電器電纜,1615,大山,twse,2021-05-17
電器電纜,1616,億泰,twse,2021-05-17
電器電纜,1617,榮星,twse,2021-05-17
電器電纜,1618,合機,twse,2021-05-17
電器電纜,1626,艾美特-KY,twse,2021-05-17
化學生技醫療,1701,中化,twse,2021-05-17
生技醫療業,1701,中化,twse,2021-05-17
食品工業,1702,南僑,twse,2021-05-17
化學工業,1704,榮化,twse,2021-05-17
化學生技醫療,1704,榮化,twse,2021-05-17
化學生技醫療,1707,葡萄王,twse,2021-05-17
生技醫療業,1707,葡萄王,twse,2021-05-17
化學工業,1708,東鹼,twse,2021-05-17
化學生技醫療,1708,東鹼,twse,2021-05-17
化學工業,1709,和益,twse,2021-05-17
化學生技醫療,1709,和益,twse,2021-05-17
化學工業,1710,東聯,twse,2021-05-17
化學生技醫療,1710,東聯,twse,2021-05-17
化學工業,1711,永光,twse,2021-05-17
化學生技醫療,1711,永光,twse,2021-05-17
化學工業,1712,興農,twse,2021-05-17
化學生技醫療,1712,興農,twse,2021-05-17
化學工業,1713,國化,twse,2021-05-17
化學生技醫療,1713,國化,twse,2021-05-17
化學工業,1714,和桐,twse,2021-05-17
化學生技醫療,1714,和桐,twse,2021-05-17
塑膠工業,1715,萬洲,twse,2021-05-17
化學生技醫療,1716,永信,twse,2021-05-17
生技醫療業,1716,永信,twse,2021-05-17
化學工業,1717,長興,twse,2021-05-17
化學生技醫療,1717,長興,twse,2021-05-17
化學工業,1718,中纖,twse,2021-05-17
化學生技醫療,1718,中纖,twse,2021-05-17
化學生技醫療,1720,生達,twse,2021-05-17
生技醫療業,1720,生達,twse,2021-05-17
化學工業,1721,三晃,twse,2021-05-17
化學生技醫療,1721,三晃,twse,2021-05-17
化學工業,1722,台肥,twse,2021-05-17
化學生技醫療,1722,台肥,twse,2021-05-17
化學工業,1723,中碳,twse,2021-05-17
化學生技醫療,1723,中碳,twse,2021-05-17
化學工業,1724,台硝,twse,2021-05-17
化學生技醫療,1724,台硝,twse,2021-05-17
化學工業,1725,元禎,twse,2021-05-17
化學生技醫療,1725,元禎,twse,2021-05-17
化學工業,1726,永記,twse,2021-05-17
化學生技醫療,1726,永記,twse,2021-05-17
化學工業,1727,中華化,twse,2021-05-17
化學生技醫療,1727,中華化,twse,2021-05-17
化學生技醫療,1729,必翔,twse,2021-05-17
生技醫療業,1729,必翔,twse,2021-05-17
化學工業,1730,花仙子,twse,2021-05-17
化學生技醫療,1730,花仙子,twse,2021-05-17
化學生技醫療,1731,美吾華,twse,2021-05-17
生技醫療業,1731,美吾華,twse,2021-05-17
化學工業,1732,毛寶,twse,2021-05-17
化學生技醫療,1732,毛寶,twse,2021-05-17
化學生技醫療,1733,五鼎,twse,2021-05-17
生技醫療業,1733,五鼎,twse,2021-05-17
化學生技醫療,1734,杏輝,twse,2021-05-17
生技醫療業,1734,杏輝,twse,2021-05-17
化學工業,1735,日勝化,twse,2021-05-17
化學生技醫療,1735,日勝化,twse,2021-05-17
化學生技醫療,1736,喬山,twse,2021-05-17
生技醫療業,1736,喬山,twse,2021-05-17
食品工業,1737,臺鹽,twse,2021-05-17
化學工業,1742,台蠟,tpex,2021-05-17
生技醫療類,1752,南光,tpex,2021-05-17
化學生技醫療,1760,寶齡富錦,twse,2021-05-17
生技醫療業,1760,寶齡富錦,twse,2021-05-17
化學生技醫療,1762,中化生,twse,2021-05-17
生技醫療業,1762,中化生,twse,2021-05-17
化學工業,1773,勝一,twse,2021-05-17
化學生技醫療,1773,勝一,twse,2021-05-17
化學工業,1776,展宇,twse,2021-05-17
化學生技醫療,1776,展宇,twse,2021-05-17
生技醫療類,1777,生泰,tpex,2021-05-17
生技醫療類,1781,合世,tpex,2021-05-17
化學生技醫療,1783,和康生,twse,2021-05-17
生技醫療業,1783,和康生,twse,2021-05-17
生技醫療類,1784,訊聯,tpex,2021-05-17
其他電子類,1785,光洋科,tpex,2021-05-17
化學生技醫療,1786,科妍,twse,2021-05-17
生技醫療業,1786,科妍,twse,2021-05-17
生技醫療類,1788,杏昌,tpex,2021-05-17
化學生技醫療,1789,神隆,twse,2021-05-17
生技醫療業,1789,神隆,twse,2021-05-17
化學生技醫療,1795,美時,twse,2021-05-17
生技醫療業,1795,美時,twse,2021-05-17
食品工業,1796,金穎生技,tpex,2021-05-17
生技醫療類,1799,易威,tpex,2021-05-17
玻璃陶瓷,1802,台玻,twse,2021-05-17
建材營造,1805,寶徠,twse,2021-05-17
玻璃陶瓷,1806,冠軍,twse,2021-05-17
建材營造,1808,潤隆,twse,2021-05-17
玻璃陶瓷,1809,中釉,twse,2021-05-17
玻璃陶瓷,1810,和成,twse,2021-05-17
生技醫療類,1813,寶利徠,tpex,2021-05-17
電子零組件類,1815,富喬,tpex,2021-05-17
玻璃陶瓷,1817,凱撒衛,twse,2021-05-17
造紙工業,1902,台紙,twse,2021-05-17
造紙工業,1903,士紙,twse,2021-05-17
造紙工業,1904,正隆,twse,2021-05-17
造紙工業,1905,華紙,twse,2021-05-17
造紙工業,1906,寶隆,twse,2021-05-17
造紙工業,1907,永豐餘,twse,2021-05-17
造紙工業,1909,榮成,twse,2021-05-17
鋼鐵工業,2002,中鋼,twse,2021-05-17
鋼鐵工業,2002A,中鋼特,twse,2021-05-17
鋼鐵工業,2006,東和鋼鐵,twse,2021-05-17
鋼鐵工業,2007,燁興,twse,2021-05-17
鋼鐵工業,2008,高興昌,twse,2021-05-17
鋼鐵工業,2009,第一銅,twse,2021-05-17
鋼鐵工業,2010,春源,twse,2021-05-17
鋼鐵工業,2012,春雨,twse,2021-05-17
鋼鐵工業,2013,中鋼構,twse,2021-05-17
鋼鐵工業,2014,中鴻,twse,2021-05-17
鋼鐵工業,2015,豐興,twse,2021-05-17
鋼鐵工業,2017,官田鋼,twse,2021-05-17
鋼鐵工業,2020,美亞,twse,2021-05-17
鋼鐵工業,2022,聚亨,twse,2021-05-17
鋼鐵工業,2023,燁輝,twse,2021-05-17
鋼鐵工業,2024,志聯,twse,2021-05-17
鋼鐵工業,2025,千興,twse,2021-05-17
鋼鐵工業,2027,大成鋼,twse,2021-05-17
鋼鐵工業,2028,威致,twse,2021-05-17
鋼鐵工業,2029,盛餘,twse,2021-05-17
鋼鐵工業,2030,彰源,twse,2021-05-17
鋼鐵工業,2031,新光鋼,twse,2021-05-17
鋼鐵工業,2032,新鋼,twse,2021-05-17
鋼鐵工業,2033,佳大,twse,2021-05-17
鋼鐵工業,2034,允強,twse,2021-05-17
鋼鐵工業,2035,唐榮,tpex,2021-05-17
鋼鐵工業,2038,海光,twse,2021-05-17
電機機械,2049,上銀,twse,2021-05-17
電子工業,2059,川湖,twse,2021-05-17
電子零組件業,2059,川湖,twse,2021-05-17
電器電纜,2061,風青,tpex,2021-05-17
其他,2062,橋椿,twse,2021-05-17
鋼鐵工業,2063,世鎧,tpex,2021-05-17
鋼鐵工業,2064,晉椿,tpex,2021-05-17
鋼鐵工業,2065,世豐,tpex,2021-05-17
電機機械,2066,世德,tpex,2021-05-17
電機機械,2067,嘉鋼,tpex,2021-05-17
鋼鐵工業,2069,運錩,twse,2021-05-17
電機機械,2070,精湛,tpex,2021-05-17
橡膠工業,2101,南港,twse,2021-05-17
橡膠工業,2102,泰豐,twse,2021-05-17
橡膠工業,2103,台橡,twse,2021-05-17
橡膠工業,2104,國際中橡,twse,2021-05-17
橡膠工業,2105,正新,twse,2021-05-17
橡膠工業,2106,建大,twse,2021-05-17
橡膠工業,2107,厚生,twse,2021-05-17
橡膠工業,2108,南帝,twse,2021-05-17
橡膠工業,2109,華豐,twse,2021-05-17
橡膠工業,2114,鑫永銓,twse,2021-05-17
汽車工業,2115,六暉-KY,twse,2021-05-17
汽車工業,2201,裕隆,twse,2021-05-17
汽車工業,2204,中華,twse,2021-05-17
汽車工業,2206,三陽工業,twse,2021-05-17
汽車工業,2207,和泰車,twse,2021-05-17
航運業,2208,台船,twse,2021-05-17
鋼鐵工業,2211,長榮鋼,twse,2021-05-17
其他,2221,大甲,tpex,2021-05-17
汽車工業,2227,裕日車,twse,2021-05-17
汽車工業,2228,劍麟,twse,2021-05-17
電機機械,2230,泰茂,tpex,2021-05-17
汽車工業,2231,為升,twse,2021-05-17
汽車工業,2233,宇隆,twse,2021-05-17
電機機械,2235,謚源,tpex,2021-05-17
汽車工業,2236,百達-KY,twse,2021-05-17
汽車工業,2239,英利-KY,twse,2021-05-17
電機機械,2241,艾姆勒,twse,2021-05-17
汽車工業,2243,宏旭-KY,twse,2021-05-17
汽車工業,2247,汎德永業,twse,2021-05-17
電子工業,2301,光寶科,twse,2021-05-17
電腦及週邊設備業,2301,光寶科,twse,2021-05-17
半導體業,2302,麗正,twse,2021-05-17
電子工業,2302,麗正,twse,2021-05-17
半導體業,2303,聯電,twse,2021-05-17
電子工業,2303,聯電,twse,2021-05-17
電子工業,2305,全友,twse,2021-05-17
電腦及週邊設備業,2305,全友,twse,2021-05-17
電子工業,2308,台達電,twse,2021-05-17
電子零組件業,2308,台達電,twse,2021-05-17
半導體業,2311,日月光,twse,2021-05-17
電子工業,2311,日月光,twse,2021-05-17
其他電子業,2312,金寶,twse,2021-05-17
電子工業,2312,金寶,twse,2021-05-17
電子工業,2313,華通,twse,2021-05-17
電子零組件業,2313,華通,twse,2021-05-17
通信網路業,2314,台揚,twse,2021-05-17
電子工業,2314,台揚,twse,2021-05-17
電子工業,2315,神達,twse,2021-05-17
電腦及週邊設備業,2315,神達,twse,2021-05-17
電子工業,2316,楠梓電,twse,2021-05-17
電子零組件業,2316,楠梓電,twse,2021-05-17
其他電子業,2317,鴻海,twse,2021-05-17
電子工業,2317,鴻海,twse,2021-05-17
通信網路業,2321,東訊,twse,2021-05-17
電子工業,2321,東訊,twse,2021-05-17
光電業,2323,中環,twse,2021-05-17
電子工業,2323,中環,twse,2021-05-17
電子工業,2324,仁寶,twse,2021-05-17
電腦及週邊設備業,2324,仁寶,twse,2021-05-17
半導體業,2325,矽品,twse,2021-05-17
電子工業,2325,矽品,twse,2021-05-17
電子工業,2327,國巨,twse,2021-05-17
電子零組件業,2327,國巨,twse,2021-05-17
電子工業,2328,廣宇,twse,2021-05-17
電子零組件業,2328,廣宇,twse,2021-05-17
半導體業,2329,華泰,twse,2021-05-17
電子工業,2329,華泰,twse,2021-05-17
半導體業,2330,台積電,twse,2021-05-17
電子工業,2330,台積電,twse,2021-05-17
電子工業,2331,精英,twse,2021-05-17
電腦及週邊設備業,2331,精英,twse,2021-05-17
通信網路業,2332,友訊,twse,2021-05-17
電子工業,2332,友訊,twse,2021-05-17
電子工業,2336,致伸,twse,2021-05-17
電腦及週邊設備業,2336,致伸,twse,2021-05-17
半導體業,2337,旺宏,twse,2021-05-17
電子工業,2337,旺宏,twse,2021-05-17
半導體業,2338,光罩,twse,2021-05-17
電子工業,2338,光罩,twse,2021-05-17
光電業,2340,光磊,twse,2021-05-17
電子工業,2340,光磊,twse,2021-05-17
電子工業,2341,英群,twse,2021-05-17
電腦及週邊設備業,2341,英群,twse,2021-05-17
半導體業,2342,茂矽,twse,2021-05-17
電子工業,2342,茂矽,twse,2021-05-17
半導體業,2344,華邦電,twse,2021-05-17
電子工業,2344,華邦電,twse,2021-05-17
通信網路業,2345,智邦,twse,2021-05-17
電子工業,2345,智邦,twse,2021-05-17
電子工業,2347,聯強,twse,2021-05-17
電子通路業,2347,聯強,twse,2021-05-17
其他,2348,海悅,twse,2021-05-17
光電業,2349,錸德,twse,2021-05-17
電子工業,2349,錸德,twse,2021-05-17
其他電子業,2350,環電,twse,2021-05-17
電子工業,2350,環電,twse,2021-05-17
半導體業,2351,順德,twse,2021-05-17
電子工業,2351,順德,twse,2021-05-17
電子工業,2352,佳世達,twse,2021-05-17
電腦及週邊設備業,2352,佳世達,twse,2021-05-17
電子工業,2353,宏碁,twse,2021-05-17
電腦及週邊設備業,2353,宏碁,twse,2021-05-17
其他電子業,2354,鴻準,twse,2021-05-17
電子工業,2354,鴻準,twse,2021-05-17
電子工業,2355,敬鵬,twse,2021-05-17
電子零組件業,2355,敬鵬,twse,2021-05-17
電子工業,2356,英業達,twse,2021-05-17
電腦及週邊設備業,2356,英業達,twse,2021-05-17
電子工業,2357,華碩,twse,2021-05-17
電腦及週邊設備業,2357,華碩,twse,2021-05-17
其他,2358,廷鑫,twse,2021-05-17
其他電子業,2359,所羅門,twse,2021-05-17
電子工業,2359,所羅門,twse,2021-05-17
其他電子業,2360,致茂,twse,2021-05-17
電子工業,2360,致茂,twse,2021-05-17
電子工業,2361,鴻友,twse,2021-05-17
電腦及週邊設備業,2361,鴻友,twse,2021-05-17
電子工業,2362,藍天,twse,2021-05-17
電腦及週邊設備業,2362,藍天,twse,2021-05-17
半導體業,2363,矽統,twse,2021-05-17
電子工業,2363,矽統,twse,2021-05-17
電子工業,2364,倫飛,twse,2021-05-17
電腦及週邊設備業,2364,倫飛,twse,2021-05-17
電子工業,2365,昆盈,twse,2021-05-17
電腦及週邊設備業,2365,昆盈,twse,2021-05-17
電子工業,2367,燿華,twse,2021-05-17
電子零組件業,2367,燿華,twse,2021-05-17
電子工業,2368,金像電,twse,2021-05-17
電子零組件業,2368,金像電,twse,2021-05-17
半導體業,2369,菱生,twse,2021-05-17
電子工業,2369,菱生,twse,2021-05-17
電機機械,2371,大同,twse,2021-05-17
其他電子業,2373,震旦行,twse,2021-05-17
電子工業,2373,震旦行,twse,2021-05-17
光電業,2374,佳能,twse,2021-05-17
電子工業,2374,佳能,twse,2021-05-17
電子工業,2375,凱美,twse,2021-05-17
電子零組件業,2375,凱美,twse,2021-05-17
電子工業,2376,技嘉,twse,2021-05-17
電腦及週邊設備業,2376,技嘉,twse,2021-05-17
電子工業,2377,微星,twse,2021-05-17
電腦及週邊設備業,2377,微星,twse,2021-05-17
半導體業,2379,瑞昱,twse,2021-05-17
電子工業,2379,瑞昱,twse,2021-05-17
電子工業,2380,虹光,twse,2021-05-17
電腦及週邊設備業,2380,虹光,twse,2021-05-17
電子工業,2381,華宇,twse,2021-05-17
電腦及週邊設備業,2381,華宇,twse,2021-05-17
電子工業,2382,廣達,twse,2021-05-17
電腦及週邊設備業,2382,廣達,twse,2021-05-17
電子工業,2383,台光電,twse,2021-05-17
電子零組件業,2383,台光電,twse,2021-05-17
光電業,2384,勝華,twse,2021-05-17
電子工業,2384,勝華,twse,2021-05-17
電子工業,2385,群光,twse,2021-05-17
電子零組件業,2385,群光,twse,2021-05-17
電子工業,2387,精元,twse,2021-05-17
電腦及週邊設備業,2387,精元,twse,2021-05-17
半導體業,2388,威盛,twse,2021-05-17
電子工業,2388,威盛,twse,2021-05-17
其他電子業,2390,云辰,twse,2021-05-17
電子工業,2390,云辰,twse,2021-05-17
通信網路業,2391,合勤,twse,2021-05-17
電子工業,2391,合勤,twse,2021-05-17
電子工業,2392,正崴,twse,2021-05-17
電子零組件業,2392,正崴,twse,2021-05-17
光電業,2393,億光,twse,2021-05-17
電子工業,2393,億光,twse,2021-05-17
電子工業,2395,研華,twse,2021-05-17
電腦及週邊設備業,2395,研華,twse,2021-05-17
光電業,2396,精碟,twse,2021-05-17
電子工業,2396,精碟,twse,2021-05-17
電子工業,2397,友通,twse,2021-05-17
電腦及週邊設備業,2397,友通,twse,2021-05-17
電子工業,2399,映泰,twse,2021-05-17
電腦及週邊設備業,2399,映泰,twse,2021-05-17
半導體業,2401,凌陽,twse,2021-05-17
電子工業,2401,凌陽,twse,2021-05-17
電子工業,2402,毅嘉,twse,2021-05-17
電子零組件業,2402,毅嘉,twse,2021-05-17
電子工業,2403,友尚,twse,2021-05-17
電子通路業,2403,友尚,twse,2021-05-17
其他電子業,2404,漢唐,twse,2021-05-17
電子工業,2404,漢唐,twse,2021-05-17
電子工業,2405,浩鑫,twse,2021-05-17
電腦及週邊設備業,2405,浩鑫,twse,2021-05-17
光電業,2406,國碩,twse,2021-05-17
電子工業,2406,國碩,twse,2021-05-17
半導體業,2408,南亞科,twse,2021-05-17
電子工業,2408,南亞科,twse,2021-05-17
光電業,2409,友達,twse,2021-05-17
電子工業,2409,友達,twse,2021-05-17
其他電子業,2411,飛瑞,twse,2021-05-17
電子工業,2411,飛瑞,twse,2021-05-17
通信網路業,2412,中華電,twse,2021-05-17
電子工業,2412,中華電,twse,2021-05-17
電子工業,2413,環科,twse,2021-05-17
電子零組件業,2413,環科,twse,2021-05-17
電子工業,2414,精技,twse,2021-05-17
電子通路業,2414,精技,twse,2021-05-17
電子工業,2415,錩新,twse,2021-05-17
電子零組件業,2415,錩新,twse,2021-05-17
電子工業,2417,圓剛,twse,2021-05-17
電腦及週邊設備業,2417,圓剛,twse,2021-05-17
電子工業,2418,雅新,twse,2021-05-17
通信網路業,2419,仲琦,twse,2021-05-17
電子工業,2419,仲琦,twse,2021-05-17
電子工業,2420,新巨,twse,2021-05-17
電子零組件業,2420,新巨,twse,2021-05-17
電子工業,2421,建準,twse,2021-05-17
電子零組件業,2421,建準,twse,2021-05-17
其他電子業,2423,固緯,twse,2021-05-17
電子工業,2423,固緯,twse,2021-05-17
電子工業,2424,隴華,twse,2021-05-17
電腦及週邊設備業,2424,隴華,twse,2021-05-17
電子工業,2425,承啟,twse,2021-05-17
電腦及週邊設備業,2425,承啟,twse,2021-05-17
光電業,2426,鼎元,twse,2021-05-17
電子工業,2426,鼎元,twse,2021-05-17
資訊服務業,2427,三商電,twse,2021-05-17
電子工業,2427,三商電,twse,2021-05-17
電子工業,2428,興勤,twse,2021-05-17
電子零組件業,2428,興勤,twse,2021-05-17
電子工業,2429,銘旺科,twse,2021-05-17
電子零組件業,2429,銘旺科,twse,2021-05-17
電子工業,2430,燦坤,twse,2021-05-17
電子通路業,2430,燦坤,twse,2021-05-17
電子工業,2431,聯昌,twse,2021-05-17
電子零組件業,2431,聯昌,twse,2021-05-17
通信網路業,2432,倚天,twse,2021-05-17
電子工業,2432,倚天,twse,2021-05-17
其他電子業,2433,互盛電,twse,2021-05-17
電子工業,2433,互盛電,twse,2021-05-17
半導體業,2434,統懋,twse,2021-05-17
電子工業,2434,統懋,twse,2021-05-17
半導體業,2436,偉詮電,twse,2021-05-17
電子工業,2436,偉詮電,twse,2021-05-17
電子工業,2437,旺詮,twse,2021-05-17
電子零組件業,2437,旺詮,twse,2021-05-17
光電業,2438,翔耀,twse,2021-05-17
電子工業,2438,翔耀,twse,2021-05-17
通信網路業,2439,美律,twse,2021-05-17
電子工業,2439,美律,twse,2021-05-17
電子工業,2440,太空梭,twse,2021-05-17
電子零組件業,2440,太空梭,twse,2021-05-17
半導體業,2441,超豐,twse,2021-05-17
電子工業,2441,超豐,twse,2021-05-17
電子工業,2442,新美齊,twse,2021-05-17
電腦及週邊設備業,2442,新美齊,twse,2021-05-17
其他,2443,億麗,twse,2021-05-17
通信網路業,2444,兆勁,twse,2021-05-17
電子工業,2444,兆勁,twse,2021-05-17
半導體業,2446,全懋,twse,2021-05-17
電子工業,2446,全懋,twse,2021-05-17
資訊服務業,2447,鼎新,twse,2021-05-17
電子工業,2447,鼎新,twse,2021-05-17
光電業,2448,晶電,twse,2021-05-17
電子工業,2448,晶電,twse,2021-05-17
半導體業,2449,京元電子,twse,2021-05-17
電子工業,2449,京元電子,twse,2021-05-17
通信網路業,2450,神腦,twse,2021-05-17
電子工業,2450,神腦,twse,2021-05-17
半導體業,2451,創見,twse,2021-05-17
電子工業,2451,創見,twse,2021-05-17
電子工業,2452,乾坤,twse,2021-05-17
電子零組件業,2452,乾坤,twse,2021-05-17
資訊服務業,2453,凌群,twse,2021-05-17
電子工業,2453,凌群,twse,2021-05-17
半導體業,2454,聯發科,twse,2021-05-17
電子工業,2454,聯發科,twse,2021-05-17
通信網路業,2455,全新,twse,2021-05-17
電子工業,2455,全新,twse,2021-05-17
電子工業,2456,奇力新,twse,2021-05-17
電子零組件業,2456,奇力新,twse,2021-05-17
電子工業,2457,飛宏,twse,2021-05-17
電子零組件業,2457,飛宏,twse,2021-05-17
半導體業,2458,義隆,twse,2021-05-17
電子工業,2458,義隆,twse,2021-05-17
電子工業,2459,敦吉,twse,2021-05-17
電子通路業,2459,敦吉,twse,2021-05-17
電子工業,2460,建通,twse,2021-05-17
電子零組件業,2460,建通,twse,2021-05-17
其他電子業,2461,光群雷,twse,2021-05-17
電子工業,2461,光群雷,twse,2021-05-17
電子工業,2462,良得電,twse,2021-05-17
電子零組件業,2462,良得電,twse,2021-05-17
電子工業,2463,研揚,twse,2021-05-17
電腦及週邊設備業,2463,研揚,twse,2021-05-17
其他電子業,2464,盟立,twse,2021-05-17
電子工業,2464,盟立,twse,2021-05-17
電子工業,2465,麗臺,twse,2021-05-17
電腦及週邊設備業,2465,麗臺,twse,2021-05-17
光電業,2466,冠西電,twse,2021-05-17
電子工業,2466,冠西電,twse,2021-05-17
電子工業,2467,志聖,twse,2021-05-17
電子零組件業,2467,志聖,twse,2021-05-17
資訊服務業,2468,華經,twse,2021-05-17
電子工業,2468,華經,twse,2021-05-17
電子工業,2469,力信,twse,2021-05-17
電子零組件業,2469,力信,twse,2021-05-17
資訊服務業,2471,資通,twse,2021-05-17
電子工業,2471,資通,twse,2021-05-17
電子工業,2472,立隆電,twse,2021-05-17
電子零組件業,2472,立隆電,twse,2021-05-17
半導體業,2473,思源,twse,2021-05-17
電子工業,2473,思源,twse,2021-05-17
其他電子業,2474,可成,twse,2021-05-17
電子工業,2474,可成,twse,2021-05-17
光電業,2475,華映,twse,2021-05-17
電子工業,2475,華映,twse,2021-05-17
電子工業,2476,鉅祥,twse,2021-05-17
電子零組件業,2476,鉅祥,twse,2021-05-17
其他電子業,2477,美隆電,twse,2021-05-17
電子工業,2477,美隆電,twse,2021-05-17
電子工業,2478,大毅,twse,2021-05-17
電子零組件業,2478,大毅,twse,2021-05-17
電子工業,2479,和立,twse,2021-05-17
資訊服務業,2480,敦陽科,twse,2021-05-17
電子工業,2480,敦陽科,twse,2021-05-17
半導體業,2481,強茂,twse,2021-05-17
電子工業,2481,強茂,twse,2021-05-17
其他電子業,2482,連宇,twse,2021-05-17
電子工業,2482,連宇,twse,2021-05-17
電子工業,2483,百容,twse,2021-05-17
電子零組件業,2483,百容,twse,2021-05-17
電子工業,2484,希華,twse,2021-05-17
電子零組件業,2484,希華,twse,2021-05-17
通信網路業,2485,兆赫,twse,2021-05-17
電子工業,2485,兆赫,twse,2021-05-17
光電業,2486,一詮,twse,2021-05-17
電子工業,2486,一詮,twse,2021-05-17
其他電子業,2488,漢平,twse,2021-05-17
電子工業,2488,漢平,twse,2021-05-17
光電業,2489,瑞軒,twse,2021-05-17
電子工業,2489,瑞軒,twse,2021-05-17
光電業,2491,吉祥全,twse,2021-05-17
電子工業,2491,吉祥全,twse,2021-05-17
電子工業,2492,華新科,twse,2021-05-17
電子零組件業,2492,華新科,twse,2021-05-17
電子工業,2493,揚博,twse,2021-05-17
電子零組件業,2493,揚博,twse,2021-05-17
通信網路業,2494,廣業科,twse,2021-05-17
電子工業,2494,廣業科,twse,2021-05-17
其他電子業,2495,普安,twse,2021-05-17
電子工業,2495,普安,twse,2021-05-17
其他,2496,卓越,twse,2021-05-17
汽車工業,2497,怡利電,twse,2021-05-17
通信網路業,2498,宏達電,twse,2021-05-17
電子工業,2498,宏達電,twse,2021-05-17
光電業,2499,東貝,twse,2021-05-17
電子工業,2499,東貝,twse,2021-05-17
建材營造,2501,國建,twse,2021-05-17
建材營造,2504,國產,twse,2021-05-17
建材營造,2505,國揚,twse,2021-05-17
建材營造,2506,太設,twse,2021-05-17
建材營造,2509,全坤建,twse,2021-05-17
建材營造,2511,太子,twse,2021-05-17
其他,2514,龍邦,twse,2021-05-17
建材營造,2515,中工,twse,2021-05-17
建材營造,2516,新建,twse,2021-05-17
建材營造,2520,冠德,twse,2021-05-17
建材營造,2524,京城,twse,2021-05-17
建材營造,2526,大陸,twse,2021-05-17
建材營造,2527,宏璟,twse,2021-05-17
建材營造,2528,皇普,twse,2021-05-17
建材營造,2530,華建,twse,2021-05-17
建材營造,2534,宏盛,twse,2021-05-17
建材營造,2535,達欣工,twse,2021-05-17
建材營造,2536,宏普,twse,2021-05-17
建材營造,2537,聯上發,twse,2021-05-17
建材營造,2538,基泰,twse,2021-05-17
建材營造,2539,櫻花建,twse,2021-05-17
建材營造,2540,愛山林,twse,2021-05-17
建材營造,2542,興富發,twse,2021-05-17
建材營造,2543,皇昌,twse,2021-05-17
建材營造,2545,皇翔,twse,2021-05-17
建材營造,2546,根基,twse,2021-05-17
建材營造,2547,日勝生,twse,2021-05-17
建材營造,2548,華固,twse,2021-05-17
建材營造,2596,綠意,tpex,2021-05-17
建材營造,2597,潤弘,twse,2021-05-17
貿易百貨,2601,益航,twse,2021-05-17
航運業,2603,長榮,twse,2021-05-17
航運業,2605,新興,twse,2021-05-17
航運業,2606,裕民,twse,2021-05-17
航運業,2607,榮運,twse,2021-05-17
航運業,2608,嘉里大榮,twse,2021-05-17
航運業,2609,陽明,twse,2021-05-17
航運業,2610,華航,twse,2021-05-17
航運業,2611,志信,twse,2021-05-17
航運業,2612,中航,twse,2021-05-17
航運業,2613,中櫃,twse,2021-05-17
貿易百貨,2614,東森,twse,2021-05-17
航運業,2615,萬海,twse,2021-05-17
油電燃氣業,2616,山隆,twse,2021-05-17
航運業,2617,台航,twse,2021-05-17
航運業,2618,長榮航,twse,2021-05-17
航運業,2630,亞航,twse,2021-05-17
航運業,2633,台灣高鐵,twse,2021-05-17
航運業,2634,漢翔,twse,2021-05-17
航運業,2636,台驊投控,twse,2021-05-17
航運業,2637,慧洋-KY,twse,2021-05-17
其他,2640,大車隊,tpex,2021-05-17
航運業,2641,正德,tpex,2021-05-17
航運業,2642,宅配通,twse,2021-05-17
航運業,2643,捷迅,tpex,2021-05-17
觀光事業,2701,萬企,twse,2021-05-17
觀光事業,2702,華園,twse,2021-05-17
觀光事業,2704,國賓,twse,2021-05-17
觀光事業,2705,六福,twse,2021-05-17
觀光事業,2706,第一店,twse,2021-05-17
觀光事業,2707,晶華,twse,2021-05-17
觀光事業,2712,遠雄來,twse,2021-05-17
觀光事業,2718,晶悅,tpex,2021-05-17
觀光事業,2719,燦星旅,tpex,2021-05-17
觀光事業,2722,夏都,twse,2021-05-17
觀光事業,2723,美食-KY,twse,2021-05-17
觀光事業,2724,富驛-KY,tpex,2021-05-17
觀光事業,2726,雅茗-KY,tpex,2021-05-17
觀光事業,2727,王品,twse,2021-05-17
觀光事業,2729,瓦城,tpex,2021-05-17
觀光事業,2731,雄獅,twse,2021-05-17
觀光事業,2732,六角,tpex,2021-05-17
觀光事業,2734,易飛網,tpex,2021-05-17
觀光事業,2736,高野,tpex,2021-05-17
觀光事業,2739,寒舍,twse,2021-05-17
觀光事業,2740,天蔥,tpex,2021-05-17
觀光事業,2743,山富,tpex,2021-05-17
觀光事業,2745,五福,tpex,2021-05-17
觀光事業,2748,雲品,twse,2021-05-17
觀光事業,2752,豆府,tpex,2021-05-17
觀光事業,2754,亞洲藏壽司,tpex,2021-05-17
觀光事業,2755,揚秦,tpex,2021-05-17
金融保險,2801,彰銀,twse,2021-05-17
金融保險,2807,竹商銀,twse,2021-05-17
金融保險,2809,京城銀,twse,2021-05-17
金融保險,2812,台中銀,twse,2021-05-17
金融保險,2816,旺旺保,twse,2021-05-17
金融保險,2820,華票,twse,2021-05-17
金融保險,2823,中壽,twse,2021-05-17
金融保險,2827,中聯,twse,2021-05-17
金融保險,2831,中華銀,twse,2021-05-17
金融保險,2832,台產,twse,2021-05-17
金融保險,2833,台壽保,twse,2021-05-17
金融保險,2833A,台壽甲,twse,2021-05-17
金融保險,2834,臺企銀,twse,2021-05-17
金融保險,2836,高雄銀,twse,2021-05-17
金融保險,2836A,高雄銀甲特,twse,2021-05-17
金融保險,2837,萬泰銀,twse,2021-05-17
金融保險,2838,聯邦銀,twse,2021-05-17
金融保險,2838A,聯邦銀甲特,twse,2021-05-17
建材營造,2841,台開,twse,2021-05-17
金融保險,2845,遠東銀,twse,2021-05-17
金融保險,2847,大眾銀,twse,2021-05-17
金融保險,2849,安泰銀,twse,2021-05-17
金融保險,2850,新產,twse,2021-05-17
金融保險,2851,中再保,twse,2021-05-17
金融保險,2852,第一保,twse,2021-05-17
金融保險,2854,寶來證,twse,2021-05-17
金融保險,2855,統一證,twse,2021-05-17
金融保險,2856,元富證,twse,2021-05-17
金融保險,2867,三商壽,twse,2021-05-17
金融保險,2880,華南金,twse,2021-05-17
金融保險,2881,富邦金,twse,2021-05-17
金融保險,2881A,富邦特,twse,2021-05-17
金融保險,2881B,富邦金乙特,twse,2021-05-17
金融保險,2882,國泰金,twse,2021-05-17
金融保險,2882A,國泰特,twse,2021-05-17
金融保險,2882B,國泰金乙特,twse,2021-05-17
金融保險,2883,開發金,twse,2021-05-17
金融保險,2883A,開發特,twse,2021-05-17
金融保險,2884,玉山金,twse,2021-05-17
金融保險,2885,元大金,twse,2021-05-17
金融保險,2886,兆豐金,twse,2021-05-17
金融保險,2887,台新金,twse,2021-05-17
金融保險,2887C,新丙特,twse,2021-05-17
金融保險,2887E,台新戊特,twse,2021-05-17
金融保險,2887F,台新戊特二,twse,2021-05-17
金融保險,2888,新光金,twse,2021-05-17
金融保險,2888A,新光金甲特,twse,2021-05-17
金融保險,2888B,新光金乙特,twse,2021-05-17
金融保險,2889,國票金,twse,2021-05-17
金融保險,2890,永豐金,twse,2021-05-17
金融保險,2891,中信金,twse,2021-05-17
金融保險,2891A,中信特,twse,2021-05-17
金融保險,2891B,中信金乙特,twse,2021-05-17
金融保險,2891C,中信金丙特,twse,2021-05-17
金融保險,2892,第一金,twse,2021-05-17
金融保險,2897,王道銀行,twse,2021-05-17
金融保險,2897A,王道銀甲特,twse,2021-05-17
貿易百貨,2901,欣欣,twse,2021-05-17
貿易百貨,2903,遠百,twse,2021-05-17
其他,2904,匯僑,twse,2021-05-17
貿易百貨,2905,三商,twse,2021-05-17
貿易百貨,2906,高林,twse,2021-05-17
貿易百貨,2908,特力,twse,2021-05-17
貿易百貨,2910,統領,twse,2021-05-17
貿易百貨,2911,麗嬰房,twse,2021-05-17
貿易百貨,2912,統一超,twse,2021-05-17
貿易百貨,2913,農林,twse,2021-05-17
貿易百貨,2915,潤泰全,twse,2021-05-17
貿易百貨,2916,滿心,tpex,2021-05-17
建材營造,2923,鼎固-KY,twse,2021-05-17
貿易百貨,2924,東凌-KY,tpex,2021-05-17
文化創意業,2926,誠品生活,tpex,2021-05-17
觀光事業,2928,紅馬-KY,tpex,2021-05-17
貿易百貨,2929,淘帝-KY,twse,2021-05-17
貿易百貨,2936,客思達-KY,twse,2021-05-17
貿易百貨,2937,集雅社,tpex,2021-05-17
貿易百貨,2939,凱羿-KY,twse,2021-05-17
電子工業,3002,歐格,twse,2021-05-17
電腦及週邊設備業,3002,歐格,twse,2021-05-17
電子工業,3003,健和興,twse,2021-05-17
電子零組件業,3003,健和興,twse,2021-05-17
鋼鐵工業,3004,豐達科,twse,2021-05-17
電子工業,3005,神基,twse,2021-05-17
電腦及週邊設備業,3005,神基,twse,2021-05-17
半導體業,3006,晶豪科,twse,2021-05-17
電子工業,3006,晶豪科,twse,2021-05-17
電子工業,3007,綠點,twse,2021-05-17
光電業,3008,大立光,twse,2021-05-17
電子工業,3008,大立光,twse,2021-05-17
光電業,3009,奇美電,twse,2021-05-17
電子工業,3009,奇美電,twse,2021-05-17
電子工業,3010,華立,twse,2021-05-17
電子通路業,3010,華立,twse,2021-05-17
電子工業,3011,今皓,twse,2021-05-17
電子零組件業,3011,今皓,twse,2021-05-17
電子工業,3013,晟銘電,twse,2021-05-17
電腦及週邊設備業,3013,晟銘電,twse,2021-05-17
半導體業,3014,聯陽,twse,2021-05-17
電子工業,3014,聯陽,twse,2021-05-17
電子工業,3015,全漢,twse,2021-05-17
電子零組件業,3015,全漢,twse,2021-05-17
半導體業,3016,嘉晶,twse,2021-05-17
電子工業,3016,嘉晶,twse,2021-05-17
電子工業,3017,奇鋐,twse,2021-05-17
電腦及週邊設備業,3017,奇鋐,twse,2021-05-17
其他電子業,3018,同開,twse,2021-05-17
電子工業,3018,同開,twse,2021-05-17
光電業,3019,亞光,twse,2021-05-17
電子工業,3019,亞光,twse,2021-05-17
電子工業,3020,奇普仕,twse,2021-05-17
電子通路業,3020,奇普仕,twse,2021-05-17
電子工業,3021,鴻名,twse,2021-05-17
電子零組件業,3021,鴻名,twse,2021-05-17
電子工業,3022,威強電,twse,2021-05-17
電腦及週邊設備業,3022,威強電,twse,2021-05-17
電子工業,3023,信邦,twse,2021-05-17
電子零組件業,3023,信邦,twse,2021-05-17
光電業,3024,憶聲,twse,2021-05-17
電子工業,3024,憶聲,twse,2021-05-17
通信網路業,3025,星通,twse,2021-05-17
電子工業,3025,星通,twse,2021-05-17
電子工業,3026,禾伸堂,twse,2021-05-17
電子零組件業,3026,禾伸堂,twse,2021-05-17
通信網路業,3027,盛達,twse,2021-05-17
電子工業,3027,盛達,twse,2021-05-17
電子工業,3028,增你強,twse,2021-05-17
電子通路業,3028,增你強,twse,2021-05-17
資訊服務業,3029,零壹,twse,2021-05-17
電子工業,3029,零壹,twse,2021-05-17
其他電子業,3030,德律,twse,2021-05-17
電子工業,3030,德律,twse,2021-05-17
光電業,3031,佰鴻,twse,2021-05-17
電子工業,3031,佰鴻,twse,2021-05-17
電子工業,3032,偉訓,twse,2021-05-17
電子零組件業,3032,偉訓,twse,2021-05-17
電子工業,3033,威健,twse,2021-05-17
電子通路業,3033,威健,twse,2021-05-17
半導體業,3034,聯詠,twse,2021-05-17
電子工業,3034,聯詠,twse,2021-05-17
半導體業,3035,智原,twse,2021-05-17
電子工業,3035,智原,twse,2021-05-17
電子工業,3036,文曄,twse,2021-05-17
電子通路業,3036,文曄,twse,2021-05-17
電子工業,3036A,文曄甲特,twse,2021-05-17
電子通路業,3036A,文曄甲特,twse,2021-05-17
電子工業,3037,欣興,twse,2021-05-17
電子零組件業,3037,欣興,twse,2021-05-17
光電業,3038,全台,twse,2021-05-17
電子工業,3038,全台,twse,2021-05-17
其他,3040,遠見,twse,2021-05-17
半導體業,3041,揚智,twse,2021-05-17
電子工業,3041,揚智,twse,2021-05-17
電子工業,3042,晶技,twse,2021-05-17
電子零組件業,3042,晶技,twse,2021-05-17
其他電子業,3043,科風,twse,2021-05-17
電子工業,3043,科風,twse,2021-05-17
電子工業,3044,健鼎,twse,2021-05-17
電子零組件業,3044,健鼎,twse,2021-05-17
通信網路業,3045,台灣大,twse,2021-05-17
電子工業,3045,台灣大,twse,2021-05-17
電子工業,3046,建碁,twse,2021-05-17
電腦及週邊設備業,3046,建碁,twse,2021-05-17
通信網路業,3047,訊舟,twse,2021-05-17
電子工業,3047,訊舟,twse,2021-05-17
電子工業,3048,益登,twse,2021-05-17
電子通路業,3048,益登,twse,2021-05-17
光電業,3049,和鑫,twse,2021-05-17
電子工業,3049,和鑫,twse,2021-05-17
光電業,3050,鈺德,twse,2021-05-17
電子工業,3050,鈺德,twse,2021-05-17
光電業,3051,力特,twse,2021-05-17
電子工業,3051,力特,twse,2021-05-17
建材營造,3052,夆典,twse,2021-05-17
其他電子業,3053,鼎營,twse,2021-05-17
電子工業,3053,鼎營,twse,2021-05-17
半導體業,3054,立萬利,twse,2021-05-17
電子工業,3054,立萬利,twse,2021-05-17
電子工業,3055,蔚華科,twse,2021-05-17
電子通路業,3055,蔚華科,twse,2021-05-17
建材營造,3056,總太,twse,2021-05-17
電子工業,3057,喬鼎,twse,2021-05-17
電腦及週邊設備業,3057,喬鼎,twse,2021-05-17
電子工業,3058,立德,twse,2021-05-17
電子零組件業,3058,立德,twse,2021-05-17
光電業,3059,華晶科,twse,2021-05-17
電子工業,3059,華晶科,twse,2021-05-17
電子工業,3060,銘異,twse,2021-05-17
電腦及週邊設備業,3060,銘異,twse,2021-05-17
光電業,3061,璨圓,twse,2021-05-17
電子工業,3061,璨圓,twse,2021-05-17
通信網路業,3062,建漢,twse,2021-05-17
電子工業,3062,建漢,twse,2021-05-17
半導體業,3063,飛信,twse,2021-05-17
電子工業,3063,飛信,twse,2021-05-17
文化創意業,3064,泰偉,tpex,2021-05-17
光電業類,3066,李洲,tpex,2021-05-17
其他電子類,3067,全域,tpex,2021-05-17
電腦及週邊類,3071,協禧,tpex,2021-05-17
半導體類,3073,天方能源,tpex,2021-05-17
電子零組件類,3078,僑威,tpex,2021-05-17
光電業,3080,威力盟,twse,2021-05-17
電子工業,3080,威力盟,twse,2021-05-17
通信網路類,3081,聯亞,tpex,2021-05-17
文化創意業,3083,網龍,tpex,2021-05-17
電子商務業,3085,新零售,tpex,2021-05-17
文化創意業,3086,華義,tpex,2021-05-17
電腦及週邊類,3088,艾訊,tpex,2021-05-17
電子零組件類,3089,元炬,tpex,2021-01-22
電子工業,3090,日電貿,twse,2021-05-17
電子零組件業,3090,日電貿,twse,2021-05-17
電子零組件類,3092,鴻碩,tpex,2021-05-15
電子工業,3092,鴻碩,twse,2021-05-17
電子零組件業,3092,鴻碩,twse,2021-05-17
其他電子類,3093,港建,tpex,2021-05-17
半導體業,3094,聯傑,twse,2021-05-17
電子工業,3094,聯傑,twse,2021-05-17
通信網路類,3095,及成,tpex,2021-05-17
半導體類,3105,穩懋,tpex,2021-05-17
電子零組件類,3114,好德,tpex,2021-05-17
電子零組件類,3115,寶島極,tpex,2021-05-17
生技醫療類,3118,進階,tpex,2021-05-17
半導體類,3122,笙泉,tpex,2021-05-17
光電業類,3128,昇銳,tpex,2021-05-17
資訊服務業,3130,一零四,twse,2021-05-17
電子工業,3130,一零四,twse,2021-05-17
其他電子類,3131,弘塑,tpex,2021-05-17
通信網路業,3138,耀登,twse,2021-05-17
電子工業,3138,耀登,twse,2021-05-17
半導體類,3141,晶宏,tpex,2021-05-17
電子工業,3142,遠茂,twse,2021-05-17
電子零組件類,3144,新揚科,tpex,2021-05-17
資訊服務類,3147,大綜,tpex,2021-05-17
光電業,3149,正達,twse,2021-05-17
電子工業,3149,正達,twse,2021-05-17
通信網路類,3152,璟德,tpex,2021-05-17
電機機械,3162,精確,tpex,2021-05-17
通信網路類,3163,波若威,tpex,2021-05-17
化學生技醫療,3164,景岳,twse,2021-05-17
生技醫療業,3164,景岳,twse,2021-05-17
電機機械,3167,大量,twse,2021-05-17
半導體類,3169,亞信,tpex,2021-05-17
貿易百貨,3171,新洲,tpex,2021-05-17
生技醫療類,3176,基亞,tpex,2021-05-17
電機機械,3178,公準,tpex,2021-05-17
建材營造,3188,鑫龍騰,tpex,2021-05-17
半導體業,3189,景碩,twse,2021-05-17
電子工業,3189,景碩,twse,2021-05-17
電子零組件類,3191,和進,tpex,2021-05-17
電子零組件類,3202,樺晟,tpex,2021-05-17
生技醫療類,3205,佰研,tpex,2021-05-17
電子零組件類,3206,志豐,tpex,2021-05-17
電子零組件類,3207,耀勝,tpex,2021-05-17
電子工業,3209,全科,twse,2021-05-17
電子通路業,3209,全科,twse,2021-05-17
電腦及週邊類,3211,順達,tpex,2021-05-17
電腦及週邊類,3213,茂訊,tpex,2021-05-17
電子工業,3214,元砷,twse,2021-05-17
電子零組件類,3217,優群,tpex,2021-05-17
生技醫療類,3218,大學光,tpex,2021-05-17
半導體類,3219,倚強股份,tpex,2021-05-17
通信網路類,3221,台嘉碩,tpex,2021-05-17
電子通路類,3224,三顧,tpex,2021-05-17
電機機械,3226,至寶電,tpex,2021-05-17
半導體類,3227,原相,tpex,2021-05-17
半導體類,3228,金麗科,tpex,2021-05-17
電子工業,3229,晟鈦,twse,2021-05-17
電子零組件業,3229,晟鈦,twse,2021-05-17
光電業類,3230,錦明,tpex,2021-05-17
電子工業,3231,緯創,twse,2021-05-17
電腦及週邊設備業,3231,緯創,twse,2021-05-17
電子通路類,3232,昱捷,tpex,2021-05-17
通信網路類,3234,光環,tpex,2021-05-17
電子零組件類,3236,千如,tpex,2021-05-17
觀光事業,3252,海灣,tpex,2021-05-17
半導體業,3257,虹冠電,twse,2021-05-17
電子工業,3257,虹冠電,twse,2021-05-17
半導體類,3259,鑫創,tpex,2021-05-17
半導體類,3260,威剛,tpex,2021-05-17
半導體類,3264,欣銓,tpex,2021-05-17
半導體類,3265,台星科,tpex,2021-05-17
建材營造,3266,昇陽,twse,2021-05-17
半導體類,3268,海德威,tpex,2021-05-17
半導體業,3271,其樂達,twse,2021-05-17
電子工業,3271,其樂達,twse,2021-05-17
電腦及週邊類,3272,東碩,tpex,2021-05-17
電子零組件類,3276,宇環,tpex,2021-05-17
其他,3284,太普高,tpex,2021-05-17
其他電子類,3285,微端,tpex,2021-05-17
電腦及週邊類,3287,廣寰科,tpex,2021-05-17
電子零組件類,3288,點晶,tpex,2021-05-17
其他電子類,3289,宜特,tpex,2021-05-17
電子零組件類,3290,東浦,tpex,2021-05-17
文化創意業,3293,鈊象,tpex,2021-05-17
電子零組件類,3294,英濟,tpex,2021-05-17
電子工業,3296,勝德,twse,2021-05-17
電子零組件業,3296,勝德,twse,2021-05-17
光電業類,3297,杭特,tpex,2021-05-17
其他電子類,3303,岱稜,tpex,2021-05-17
其他電子業,3305,昇貿,twse,2021-05-17
電子工業,3305,昇貿,twse,2021-05-17
通信網路類,3306,鼎天,tpex,2021-05-17
電子工業,3308,聯德,twse,2021-05-17
電子零組件業,3308,聯德,twse,2021-05-17
電子零組件類,3310,佳穎,tpex,2021-05-17
通信網路業,3311,閎暉,twse,2021-05-17
電子工業,3311,閎暉,twse,2021-05-17
電子工業,3312,弘憶股,twse,2021-05-17
電子通路業,3312,弘憶股,twse,2021-05-17
電子零組件類,3313,斐成,tpex,2021-05-17
電子工業,3315,宣昶,twse,2021-05-17
電子通路業,3315,宣昶,twse,2021-05-17
半導體類,3317,尼克森,tpex,2021-05-17
電子工業,3321,同泰,twse,2021-05-17
電子零組件業,3321,同泰,twse,2021-05-17
電子零組件類,3322,建舜電,tpex,2021-05-17
電腦及週邊類,3323,加百裕,tpex,2021-05-17
其他電子類,3324,雙鴻,tpex,2021-05-17
電腦及週邊類,3325,旭品,tpex,2021-05-17
電子零組件類,3332,幸康,tpex,2021-05-17
電子工業,3338,泰碩,twse,2021-05-17
電子零組件業,3338,泰碩,twse,2021-05-17
光電業類,3339,泰谷,tpex,2021-05-17
汽車工業,3346,麗清,twse,2021-05-17
電子零組件類,3354,律勝,tpex,2021-05-17
光電業,3356,奇偶,twse,2021-05-17
電子工業,3356,奇偶,twse,2021-05-17
電子零組件類,3357,臺慶科,tpex,2021-05-17
電子通路類,3360,尚立,tpex,2021-05-17
光電業類,3362,先進光,tpex,2021-05-17
通信網路類,3363,上詮,tpex,2021-05-17
其他電子業,3367,英華達,twse,2021-05-17
電子工業,3367,英華達,twse,2021-05-17
半導體類,3372,典範,tpex,2021-05-17
其他電子類,3373,熱映,tpex,2021-05-17
半導體類,3374,精材,tpex,2021-05-17
電子工業,3376,新日興,twse,2021-05-17
電子零組件業,3376,新日興,twse,2021-05-17
電機機械,3379,彬台,tpex,2021-05-17
通信網路業,3380,明泰,twse,2021-05-17
電子工業,3380,明泰,twse,2021-05-17
光電業,3383,新世紀,twse,2021-05-17
電子工業,3383,新世紀,twse,2021-05-17
電子零組件類,3388,崇越電,tpex,2021-05-17
電子零組件類,3390,旭軟,tpex,2021-05-17
其他電子類,3402,漢科,tpex,2021-05-17
光電業,3406,玉晶光,twse,2021-05-17
電子工業,3406,玉晶光,twse,2021-05-17
半導體業,3413,京鼎,twse,2021-05-17
電子工業,3413,京鼎,twse,2021-05-17
電子工業,3416,融程電,twse,2021-05-17
電腦及週邊設備業,3416,融程電,twse,2021-05-17
通信網路業,3419,譁裕,twse,2021-05-17
電子工業,3419,譁裕,twse,2021-05-17
電機機械,3426,台興,tpex,2021-05-17
電子工業,3432,台端,twse,2021-05-17
電子零組件業,3432,台端,twse,2021-05-17
光電業類,3434,哲固,tpex,2021-05-17
光電業,3437,榮創,twse,2021-05-17
電子工業,3437,榮創,twse,2021-05-17
半導體類,3438,類比科,tpex,2021-05-17
光電業類,3441,聯一光,tpex,2021-05-17
半導體業,3443,創意,twse,2021-05-17
電子工業,3443,創意,twse,2021-05-17
電子通路類,3444,利機,tpex,2021-05-17
其他電子業,3450,聯鈞,twse,2021-05-17
電子工業,3450,聯鈞,twse,2021-05-17
光電業,3454,晶睿,twse,2021-05-17
電子工業,3454,晶睿,twse,2021-05-17
光電業類,3455,由田,tpex,2021-05-17
電子零組件類,3465,進泰電子,tpex,2021-05-17
通信網路類,3466,致振,tpex,2021-05-17
半導體業,3474,華亞科,twse,2021-05-17
電子工業,3474,華亞科,twse,2021-05-17
電腦及週邊類,3479,安勤,tpex,2021-05-17
光電業,3481,群創,twse,2021-05-17
電子工業,3481,群創,twse,2021-05-17
電腦及週邊類,3483,力致,tpex,2021-05-17
電子零組件類,3484,崧騰,tpex,2021-05-17
建材營造,3489,森寶,tpex,2021-05-17
光電業類,3490,單井,tpex,2021-05-17
通信網路類,3491,昇達科,tpex,2021-05-17
電子零組件類,3492,長盛,tpex,2021-05-17
電子工業,3494,誠研,twse,2021-05-17
電腦及週邊設備業,3494,誠研,twse,2021-05-17
其他電子類,3498,陽程,tpex,2021-05-17
通信網路類,3499,環天科,tpex,2021-05-17
電子工業,3501,維熹,twse,2021-05-17
電子零組件業,3501,維熹,twse,2021-05-17
光電業,3504,揚明光,twse,2021-05-17
電子工業,3504,揚明光,twse,2021-05-17
其他電子類,3508,位速,tpex,2021-05-17
電子零組件類,3511,矽瑪,tpex,2021-05-17
電子零組件類,3512,皇龍,tpex,2021-05-17
光電業,3514,昱晶,twse,2021-05-17
電子工業,3514,昱晶,twse,2021-05-17
電子工業,3515,華擎,twse,2021-05-17
電腦及週邊設備業,3515,華擎,twse,2021-05-17
光電業類,3516,亞帝歐,tpex,2021-05-17
其他電子業,3518,柏騰,twse,2021-05-17
電子工業,3518,柏騰,twse,2021-05-17
半導體業,3519,綠能,twse,2021-05-17
電子工業,3519,綠能,twse,2021-05-17
電子零組件類,3520,華盈,tpex,2021-05-17
電腦及週邊類,3521,鴻翊,tpex,2021-05-17
觀光事業,3522,御頂,tpex,2021-05-17
光電業類,3523,迎輝,tpex,2021-05-17
電子零組件類,3526,凡甲,tpex,2021-05-17
半導體類,3527,聚積,tpex,2021-05-17
電子工業,3528,安馳,twse,2021-05-17
電子通路業,3528,安馳,twse,2021-05-17
半導體類,3529,力旺,tpex,2021-05-17
半導體業,3530,晶相光,twse,2021-05-17
電子工業,3530,晶相光,twse,2021-05-17
光電業類,3531,先益,tpex,2021-05-17
半導體業,3532,台勝科,twse,2021-05-17
電子工業,3532,台勝科,twse,2021-05-17
電子工業,3533,嘉澤,twse,2021-05-17
電子零組件業,3533,嘉澤,twse,2021-05-17
半導體業,3534,雷凌,twse,2021-05-17
電子工業,3534,雷凌,twse,2021-05-17
光電業,3535,晶彩科,twse,2021-05-17
電子工業,3535,晶彩科,twse,2021-05-17
半導體業,3536,誠創,twse,2021-05-17
電子工業,3536,誠創,twse,2021-05-17
電子零組件類,3537,堡達,tpex,2021-05-17
電腦及週邊類,3540,曜越,tpex,2021-05-17
其他電子類,3541,西柏,tpex,2021-05-17
光電業,3543,州巧,twse,2021-05-17
電子工業,3543,州巧,twse,2021-05-17
半導體業,3545,敦泰,twse,2021-05-17
電子工業,3545,敦泰,twse,2021-05-17
文化創意業,3546,宇峻,tpex,2021-05-17
電子零組件類,3548,兆利,tpex,2021-05-17
電子工業,3550,聯穎,twse,2021-05-17
電子零組件業,3550,聯穎,twse,2021-05-17
其他電子類,3551,世禾,tpex,2021-05-17
其他電子類,3552,同致,tpex,2021-05-17
半導體類,3555,重鵬,tpex,2021-05-17
半導體類,3556,禾瑞亞,tpex,2021-05-17
其他,3557,嘉威,twse,2021-05-17
通信網路類,3558,神準,tpex,2021-05-17
半導體業,3559,全智科,twse,2021-05-17
電子工業,3559,全智科,twse,2021-05-17
光電業,3561,昇陽光電,twse,2021-05-17
電子工業,3561,昇陽光電,twse,2021-05-17
光電業,3563,牧德,twse,2021-05-17
電子工業,3563,牧德,twse,2021-05-17
通信網路類,3564,其陽,tpex,2021-05-17
半導體類,3567,逸昌,tpex,2021-05-17
資訊服務類,3570,大塚,tpex,2021-05-17
光電業,3573,穎台,twse,2021-05-17
電子工業,3573,穎台,twse,2021-05-17
光電業,3576,聯合再生,twse,2021-05-17
電子工業,3576,聯合再生,twse,2021-05-17
電腦及週邊類,3577,泓格,tpex,2021-05-17
半導體業,3579,尚志,twse,2021-05-17
電子工業,3579,尚志,twse,2021-05-17
其他電子類,3580,友威科,tpex,2021-05-17
半導體類,3581,博磊,tpex,2021-05-17
半導體業,3583,辛耘,twse,2021-05-17
電子工業,3583,辛耘,twse,2021-05-17
光電業,3584,介面,twse,2021-05-17
電子工業,3584,介面,twse,2021-05-17
其他電子類,3587,閎康,tpex,2021-05-17
半導體業,3588,通嘉,twse,2021-05-17
電子工業,3588,通嘉,twse,2021-05-17
光電業,3591,艾笛森,twse,2021-05-17
電子工業,3591,艾笛森,twse,2021-05-17
電子工業,3593,力銘,twse,2021-05-17
電子零組件業,3593,力銘,twse,2021-05-17
電腦及週邊類,3594,磐儀,tpex,2021-05-17
通信網路業,3596,智易,twse,2021-05-17
電子工業,3596,智易,twse,2021-05-17
電子零組件類,3597,映興,tpex,2021-05-17
半導體業,3598,奕力,twse,2021-05-17
電子工業,3598,奕力,twse,2021-05-17
光電業,3599,旺能,twse,2021-05-17
電子工業,3599,旺能,twse,2021-05-17
電子工業,3605,宏致,twse,2021-05-17
電子零組件業,3605,宏致,twse,2021-05-17
電子工業,3607,谷崧,twse,2021-05-17
電子零組件業,3607,谷崧,twse,2021-05-17
電子零組件類,3609,東林,tpex,2021-05-17
電腦及週邊類,3611,鼎翰,tpex,2021-05-17
半導體業,3614,誠致,twse,2021-05-17
電子工業,3614,誠致,twse,2021-05-17
光電業類,3615,安可,tpex,2021-05-17
其他電子業,3617,碩天,twse,2021-05-17
電子工業,3617,碩天,twse,2021-05-17
光電業,3622,洋華,twse,2021-05-17
電子工業,3622,洋華,twse,2021-05-17
光電業類,3623,富晶通,tpex,2021-05-17
電子零組件類,3624,光頡,tpex,2021-05-17
電腦及週邊類,3625,西勝,tpex,2021-05-17
其他電子類,3628,盈正,tpex,2021-05-17
光電業類,3629,地心引力,tpex,2020-06-03
文化創意業,3629,地心引力,tpex,2021-05-17
光電業類,3630,新鉅科,tpex,2021-05-17
電子零組件類,3631,晟楠,tpex,2021-05-17
通信網路類,3632,研勤,tpex,2021-05-17
半導體業,3638,F-IML,twse,2021-05-17
電子工業,3638,F-IML,twse,2021-05-17
其他電子類,3642,駿熠電,tpex,2021-05-17
電子工業,3645,達邁,twse,2021-05-17
電子零組件業,3645,達邁,twse,2021-05-17
電子零組件類,3646,艾恩特,tpex,2021-05-17
電腦及週邊類,3652,精聯,tpex,2021-05-17
電子工業,3653,健策,twse,2021-05-17
電子零組件業,3653,健策,twse,2021-05-17
半導體業,3661,世芯-KY,twse,2021-05-17
電子工業,3661,世芯-KY,twse,2021-05-17
其他電子類,3663,鑫科,tpex,2021-05-17
通信網路類,3664,安瑞-KY,tpex,2021-05-17
其他電子業,3665,貿聯-KY,twse,2021-05-17
電子工業,3665,貿聯-KY,twse,2021-05-17
光電業類,3666,光耀,tpex,2021-05-17
光電業,3669,圓展,twse,2021-05-17
電子工業,3669,圓展,twse,2021-05-17
通信網路類,3672,康聯訊,tpex,2021-05-17
光電業,3673,TPK-KY,twse,2021-05-17
電子工業,3673,TPK-KY,twse,2021-05-17
半導體類,3675,德微,tpex,2021-05-17
電子工業,3679,新至陞,twse,2021-05-17
電子零組件業,3679,新至陞,twse,2021-05-17
半導體類,3680,家登,tpex,2021-05-17
通信網路業,3682,亞太電,twse,2021-05-17
電子工業,3682,亞太電,twse,2021-05-17
通信網路類,3684,榮昌,tpex,2021-05-17
光電業類,3685,元創精密,tpex,2021-05-17
半導體業,3686,達能,twse,2021-05-17
電子工業,3686,達能,twse,2021-05-17
文化創意業,3687,歐買尬,tpex,2020-06-03
電子商務業,3687,歐買尬,tpex,2021-05-17
電子零組件類,3689,湧德,tpex,2021-05-17
光電業類,3691,碩禾,tpex,2021-05-17
電腦及週邊類,3693,營邦,tpex,2021-05-17
通信網路業,3694,海華,twse,2021-05-17
電子工業,3694,海華,twse,2021-05-17
半導體業,3697,F-晨星,twse,2021-05-17
電子工業,3697,F-晨星,twse,2021-05-17
光電業,3698,隆達,twse,2021-05-17
電子工業,3698,隆達,twse,2021-05-17
電子工業,3701,大眾控,twse,2021-05-17
電腦及週邊設備業,3701,大眾控,twse,2021-05-17
電子工業,3702,大聯大,twse,2021-05-17
電子通路業,3702,大聯大,twse,2021-05-17
電子工業,3702A,大聯大甲特,twse,2021-05-17
電子通路業,3702A,大聯大甲特,twse,2021-05-17
建材營造,3703,欣陸,twse,2021-05-17
通信網路業,3704,合勤控,twse,2021-05-17
電子工業,3704,合勤控,twse,2021-05-17
化學生技醫療,3705,永信,twse,2021-05-17
生技醫療業,3705,永信,twse,2021-05-17
電子工業,3706,神達,twse,2021-05-17
電腦及週邊設備業,3706,神達,twse,2021-05-17
半導體類,3707,漢磊,tpex,2021-05-17
化學工業,3708,上緯投控,twse,2021-05-17
化學生技醫療,3708,上緯投控,twse,2021-05-17
電腦及週邊類,3709,鑫聯大投控,tpex,2021-05-17
電子零組件類,3710,連展投控,tpex,2021-05-17
半導體業,3711,日月光投控,twse,2021-05-17
電子工業,3711,日月光投控,twse,2021-05-17
電子工業,3712,永崴投控,twse,2021-05-17
電腦及週邊設備業,3712,永崴投控,twse,2021-05-17
光電業類,3713,新晶投控,tpex,2021-05-17
光電業,3714,富采,twse,2021-05-17
電子工業,3714,富采,twse,2021-05-17
生技醫療類,4102,永日,tpex,2021-05-17
化學生技醫療,4104,佳醫,twse,2021-05-17
生技醫療業,4104,佳醫,twse,2021-05-17
生技醫療類,4105,東洋,tpex,2021-05-17
化學生技醫療,4106,雃博,twse,2021-05-17
生技醫療業,4106,雃博,twse,2021-05-17
生技醫療類,4107,邦特,tpex,2021-05-17
化學生技醫療,4108,懷特,twse,2021-05-17
生技醫療業,4108,懷特,twse,2021-05-17
生技醫療類,4109,加捷生醫,tpex,2021-05-17
生技醫療類,4111,濟生,tpex,2021-05-17
建材營造,4113,聯上,tpex,2021-05-17
生技醫療類,4114,健喬,tpex,2021-05-17
生技醫療類,4116,明基醫,tpex,2021-05-17
化學生技醫療,4119,旭富,twse,2021-05-17
生技醫療業,4119,旭富,twse,2021-05-17
生技醫療類,4120,友華,tpex,2021-05-17
生技醫療類,4121,優盛,tpex,2021-05-17
生技醫療類,4123,晟德,tpex,2021-05-17
生技醫療類,4126,太醫,tpex,2021-05-17
生技醫療類,4127,天良,tpex,2021-05-17
生技醫療類,4128,中天,tpex,2021-05-17
生技醫療類,4129,聯合,tpex,2021-05-17
生技醫療類,4129A,聯合甲特,tpex,2021-05-17
生技醫療類,4130,健亞,tpex,2021-05-17
生技醫療類,4131,晶宇,tpex,2021-05-17
化學生技醫療,4133,亞諾法,twse,2021-05-17
生技醫療業,4133,亞諾法,twse,2021-05-17
化學生技醫療,4137,麗豐-KY,twse,2021-05-17
生技醫療業,4137,麗豐-KY,twse,2021-05-17
生技醫療類,4138,曜亞,tpex,2021-05-17
生技醫療類,4139,馬光-KY,tpex,2021-05-17
化學生技醫療,4141,龍燈-KY,twse,2021-05-17
生技醫療業,4141,龍燈-KY,twse,2021-05-17
化學生技醫療,4142,國光生,twse,2021-05-17
生技醫療業,4142,國光生,twse,2021-05-17
化學生技醫療,4144,康聯-KY,twse,2021-05-17
生技醫療業,4144,康聯-KY,twse,2021-05-17
生技醫療類,4147,中裕,tpex,2021-05-17
化學生技醫療,4148,全宇生技-KY,twse,2021-05-17
生技醫療業,4148,全宇生技-KY,twse,2021-05-17
生技醫療類,4152,台微體,tpex,2021-05-17
生技醫療類,4153,鈺緯,tpex,2021-05-17
生技醫療類,4154,康樂-KY,tpex,2021-05-17
化學生技醫療,4155,訊映,twse,2021-05-17
生技醫療業,4155,訊映,twse,2021-05-17
生技醫療類,4157,太景*-KY,tpex,2021-05-17
生技醫療類,4160,創源,tpex,2021-05-17
生技醫療類,4161,聿新科,tpex,2021-05-17
生技醫療類,4162,智擎,tpex,2021-05-17
生技醫療類,4163,鐿鈦,tpex,2021-05-17
化學生技醫療,4164,承業醫,twse,2021-05-17
生技醫療業,4164,承業醫,twse,2021-05-17
生技醫療類,4167,松瑞藥,tpex,2021-05-17
生技醫療類,4168,醣聯,tpex,2021-05-17
農業科技業,4171,瑞基,tpex,2021-05-17
生技醫療類,4173,久裕,tpex,2021-05-17
生技醫療類,4174,浩鼎,tpex,2021-05-17
生技醫療類,4175,杏一,tpex,2021-05-17
生技醫療類,4183,福永生技,tpex,2021-05-17
生技醫療類,4188,安克,tpex,2021-05-17
化學生技醫療,4190,佐登-KY,twse,2021-05-17
生技醫療業,4190,佐登-KY,twse,2021-05-17
生技醫療類,4192,杏國,tpex,2021-05-17
生技醫療類,4198,欣大健康,tpex,2021-05-17
食品工業,4205,中華食,tpex,2021-05-17
食品工業,4207,環泰,tpex,2021-05-17
塑膠工業,4303,信立,tpex,2021-05-17
塑膠工業,4304,勝昱,tpex,2021-05-17
塑膠工業,4305,世坤,tpex,2021-05-17
塑膠工業,4306,炎洲,twse,2021-05-17
紡織纖維,4401,東隆興,tpex,2021-05-17
紡織纖維,4402,福大,tpex,2021-05-17
紡織纖維,4406,新昕纖,tpex,2021-05-17
紡織纖維,4413,飛寶企業,tpex,2021-05-17
紡織纖維,4414,如興,twse,2021-05-17
建材營造,4416,三圓,tpex,2021-05-17
紡織纖維,4417,金洲,tpex,2021-05-17
紡織纖維,4419,元勝,tpex,2021-05-17
紡織纖維,4420,光明,tpex,2021-05-17
紡織纖維,4426,利勤,twse,2021-05-17
紡織纖維,4429,聚紡,tpex,2021-05-17
其他,4430,耀億,tpex,2021-05-17
紡織纖維,4432,銘旺實,tpex,2021-05-17
紡織纖維,4433,興采,tpex,2021-05-17
紡織纖維,4438,廣越,twse,2021-05-17
紡織纖維,4439,冠星-KY,twse,2021-05-17
電機機械,4502,健信,tpex,2021-05-17
電機機械,4503,金雨,tpex,2021-05-17
電機機械,4506,崇友,tpex,2021-05-17
電機機械,4510,高鋒,tpex,2021-05-17
電機機械,4513,福裕,tpex,2021-05-17
電機機械,4523,永彰,tpex,2021-05-17
電機機械,4526,東台,twse,2021-05-17
電機機械,4527,方土霖,tpex,2021-05-17
電機機械,4528,江興鍛,tpex,2021-05-17
其他,4529,淳紳,tpex,2021-05-17
電機機械,4530,宏易,tpex,2021-05-17
電機機械,4532,瑞智,twse,2021-05-17
電機機械,4533,協易機,tpex,2021-05-17
電機機械,4534,慶騰,tpex,2021-05-17
電機機械,4535,至興,tpex,2021-05-17
其他,4536,拓凱,twse,2021-05-17
電機機械,4538,大詠城,tpex,2021-05-17
電機機械,4540,全球傳動,twse,2021-05-17
其他,4541,晟田,tpex,2021-05-17
電子零組件類,4542,科嶠,tpex,2021-05-17
電機機械,4543,萬在,tpex,2021-05-17
電子工業,4545,銘鈺,twse,2021-05-17
電子零組件業,4545,銘鈺,twse,2021-05-17
電機機械,4549,桓達,tpex,2021-05-17
電機機械,4550,長佳,tpex,2021-05-17
汽車工業,4551,智伸科,twse,2021-05-17
電機機械,4552,力達-KY,twse,2021-05-17
其他電子類,4554,橙的,tpex,2021-05-17
電機機械,4555,氣立,twse,2021-05-17
其他,4556,旭然,tpex,2021-05-17
汽車工業,4557,永新-KY,twse,2021-05-17
電機機械,4560,強信-KY,twse,2021-05-17
電機機械,4561,健椿,tpex,2021-05-17
電機機械,4562,穎漢,twse,2021-05-17
電機機械,4563,百德,tpex,2021-05-17
電機機械,4564,元翎,twse,2021-05-17
電機機械,4566,時碩工業,twse,2021-05-17
電機機械,4568,科際精密,tpex,2021-05-17
電機機械,4571,鈞興-KY,twse,2021-05-17
電機機械,4572,駐龍,twse,2021-05-17
電機機械,4576,大銀微系統,twse,2021-05-17
電機機械,4580,捷流閥業,tpex,2021-05-17
汽車工業,4581,光隆精密-KY,twse,2021-05-17
電器電纜,4609,唐鋒,tpex,2021-05-17
化學工業,4702,中美實,tpex,2021-05-17
化學工業,4706,大恭,tpex,2021-05-17
化學工業,4707,磐亞,tpex,2021-05-17
化學工業,4711,永純,tpex,2021-05-17
食品工業,4712,南璋,tpex,2021-05-17
化學工業,4714,永捷,tpex,2021-05-17
化學工業,4716,大立,tpex,2021-05-17
化學工業,4720,德淵,twse,2021-05-17
化學生技醫療,4720,德淵,twse,2021-05-17
化學工業,4721,美琪瑪,tpex,2021-05-17
化學工業,4722,國精化,twse,2021-05-17
化學生技醫療,4722,國精化,twse,2021-05-17
化學工業,4725,信昌化,twse,2021-05-17
化學生技醫療,4725,信昌化,twse,2021-05-17
生技醫療類,4726,永昕,tpex,2021-05-17
生技醫療類,4728,雙美,tpex,2021-05-17
光電業類,4729,熒茂,tpex,2021-05-17
化學工業,4733,上緯,twse,2021-05-17
化學生技醫療,4733,上緯,twse,2021-05-17
生技醫療類,4735,豪展,tpex,2021-05-17
生技醫療類,4736,泰博,tpex,2021-05-17
化學生技醫療,4737,華廣,twse,2021-05-17
生技醫療業,4737,華廣,twse,2021-05-17
化學工業,4739,康普,twse,2021-05-17
化學生技醫療,4739,康普,twse,2021-05-17
化學工業,4741,泓瀚,tpex,2021-05-17
生技醫療類,4743,合一,tpex,2021-05-17
生技醫療類,4744,皇將,tpex,2021-05-17
生技醫療類,4745,合富-KY,tpex,2021-05-17
化學生技醫療,4746,台耀,twse,2021-05-17
生技醫療業,4746,台耀,twse,2021-05-17
生技醫療類,4747,強生,tpex,2021-05-17
化學工業,4754,國碳科,tpex,2021-05-17
化學工業,4755,三福化,twse,2021-05-17
化學生技醫療,4755,三福化,twse,2021-05-17
其他電子類,4760,勤凱,tpex,2021-05-17
化學工業,4763,材料-KY,twse,2021-05-17
化學生技醫療,4763,材料-KY,twse,2021-05-17
化學工業,4764,雙鍵,twse,2021-05-17
化學生技醫療,4764,雙鍵,twse,2021-05-17
化學工業,4766,南寶,twse,2021-05-17
化學生技醫療,4766,南寶,twse,2021-05-17
化學工業,4767,誠泰科技,tpex,2021-05-17
文化創意業,4803,VHQ-KY,tpex,2021-05-17
觀光事業,4804,大略-KY,tpex,2021-05-17
文化創意業,4806,昇華,tpex,2021-05-17
貿易百貨,4807,日成-KY,twse,2021-05-17
通信網路類,4903,聯光通,tpex,2021-05-17
通信網路業,4904,遠傳,twse,2021-05-17
電子工業,4904,遠傳,twse,2021-05-17
通信網路類,4905,台聯電,tpex,2021-05-17
通信網路業,4906,正文,twse,2021-05-17
電子工業,4906,正文,twse,2021-05-17
建材營造,4907,富宇,tpex,2021-05-17
通信網路類,4908,前鼎,tpex,2021-05-17
通信網路類,4909,新復興,tpex,2021-05-17
生技醫療類,4911,德英,tpex,2021-05-17
電子工業,4912,聯德控股-KY,twse,2021-05-17
電子零組件業,4912,聯德控股-KY,twse,2021-05-17
電子工業,4915,致伸,twse,2021-05-17
電子零組件業,4915,致伸,twse,2021-05-17
電子工業,4916,事欣科,twse,2021-05-17
電腦及週邊設備業,4916,事欣科,twse,2021-05-17
半導體業,4919,新唐,twse,2021-05-17
電子工業,4919,新唐,twse,2021-05-17
電腦及週邊類,4924,欣厚-KY,tpex,2021-05-17
電子工業,4927,泰鼎-KY,twse,2021-05-17
電子零組件業,4927,泰鼎-KY,twse,2021-05-17
電器電纜,4930,燦星網,twse,2021-05-17
電腦及週邊類,4931,新盛力,tpex,2021-05-17
光電業類,4933,友輝,tpex,2021-05-17
光電業,4934,太極,twse,2021-05-17
電子工業,4934,太極,twse,2021-05-17
光電業,4935,茂林-KY,twse,2021-05-17
電子工業,4935,茂林-KY,twse,2021-05-17
電子工業,4938,和碩,twse,2021-05-17
電腦及週邊設備業,4938,和碩,twse,2021-05-17
電子零組件類,4939,亞電,tpex,2021-05-17
光電業,4942,嘉彰,twse,2021-05-17
電子工業,4942,嘉彰,twse,2021-05-17
電子工業,4943,康控-KY,twse,2021-05-17
電子零組件業,4943,康控-KY,twse,2021-05-17
光電業類,4944,兆遠,tpex,2021-05-17
半導體類,4945,陞達科技,tpex,2021-05-17
文化創意業,4946,辣椒,tpex,2021-05-17
其他,4950,牧東,tpex,2021-05-17
半導體業,4952,凌通,twse,2021-05-17
電子工業,4952,凌通,twse,2021-05-17
資訊服務類,4953,緯軟,tpex,2021-05-17
光電業,4956,光鋐,twse,2021-05-17
電子工業,4956,光鋐,twse,2021-05-17
電子工業,4958,臻鼎-KY,twse,2021-05-17
電子零組件業,4958,臻鼎-KY,twse,2021-05-17
光電業,4960,誠美材,twse,2021-05-17
電子工業,4960,誠美材,twse,2021-05-17
半導體業,4961,天鈺,twse,2021-05-17
電子工業,4961,天鈺,twse,2021-05-17
半導體類,4966,譜瑞-KY,tpex,2021-05-17
半導體業,4967,十銓,twse,2021-05-17
電子工業,4967,十銓,twse,2021-05-17
半導體業,4968,立積,twse,2021-05-17
電子工業,4968,立積,twse,2021-05-17
半導體類,4971,IET-KY,tpex,2021-05-17
光電業類,4972,湯石照明,tpex,2021-05-17
半導體類,4973,廣穎,tpex,2021-05-17
電子零組件類,4974,亞泰,tpex,2021-05-17
光電業,4976,佳凌,twse,2021-05-17
電子工業,4976,佳凌,twse,2021-05-17
通信網路業,4977,眾達-KY,twse,2021-05-17
電子工業,4977,眾達-KY,twse,2021-05-17
通信網路類,4979,華星光,tpex,2021-05-17
通信網路業,4984,科納-KY,twse,2021-05-17
電子工業,4984,科納-KY,twse,2021-05-17
電腦及週邊類,4987,科誠,tpex,2021-05-17
電子工業,4989,榮科,twse,2021-05-17
電子零組件業,4989,榮科,twse,2021-05-17
半導體類,4991,環宇-KY,tpex,2021-05-17
資訊服務業,4994,傳奇,twse,2021-05-17
電子工業,4994,傳奇,twse,2021-05-17
光電業類,4995,晶達,tpex,2021-05-17
電子工業,4999,鑫禾,twse,2021-05-17
電子零組件業,4999,鑫禾,twse,2021-05-17
鋼鐵工業,5007,三星,twse,2021-05-17
鋼鐵工業,5009,榮剛,tpex,2021-05-17
鋼鐵工業,5011,久陽,tpex,2021-05-17
鋼鐵工業,5013,強新,tpex,2021-05-17
鋼鐵工業,5014,建錩,tpex,2021-05-17
鋼鐵工業,5015,華祺,tpex,2021-05-17
鋼鐵工業,5016,松和,tpex,2021-05-17
橡膠工業,5102,富強,tpex,2021-05-17
資訊服務類,5201,凱衛,tpex,2021-05-17
資訊服務類,5202,力新,tpex,2021-05-17
資訊服務業,5203,訊連,twse,2021-05-17
電子工業,5203,訊連,twse,2021-05-17
其他電子類,5205,中茂,tpex,2021-05-17
建材營造,5206,坤悅,tpex,2021-05-17
資訊服務類,5209,新鼎,tpex,2021-05-17
資訊服務類,5210,寶碩,tpex,2021-05-17
資訊服務類,5211,蒙恬,tpex,2021-05-17
資訊服務類,5212,凌網,tpex,2021-05-17
建材營造,5213,亞昕,tpex,2021-05-17
電子工業,5215,科嘉-KY,twse,2021-05-17
電腦及週邊設備業,5215,科嘉-KY,twse,2021-05-17
光電業類,5220,萬達光電,tpex,2021-05-17
電腦及週邊類,5223,安力-KY,tpex,2021-05-17
其他電子業,5225,東科-KY,twse,2021-05-17
電子工業,5225,東科-KY,twse,2021-05-17
電子零組件類,5227,立凱-KY,tpex,2021-05-17
光電業類,5230,雷笛克光學,tpex,2021-05-17
光電業,5234,達興材料,twse,2021-05-17
電子工業,5234,達興材料,twse,2021-05-17
光電業,5243,乙盛-KY,twse,2021-05-17
電子工業,5243,乙盛-KY,twse,2021-05-17
光電業類,5245,智晶,tpex,2021-05-17
光電業類,5251,天鉞電,tpex,2021-05-17
電子工業,5258,虹堡,twse,2021-05-17
電腦及週邊設備業,5258,虹堡,twse,2021-05-17
光電業,5259,奕智博,twse,2021-05-17
電子工業,5259,奕智博,twse,2021-05-17
文化創意業,5263,智崴,tpex,2021-05-17
電子工業,5264,鎧勝-KY,twse,2021-05-17
電腦及週邊設備業,5264,鎧勝-KY,twse,2021-05-17
半導體業,5269,祥碩,twse,2021-05-17
電子工業,5269,祥碩,twse,2021-05-17
半導體類,5272,笙科,tpex,2021-05-17
半導體類,5274,信驊,tpex,2021-05-17
其他,5276,達輝-KY,tpex,2021-05-17
電子商務業,5278,尚凡,tpex,2021-05-17
半導體業,5280,F-敦泰,twse,2021-05-17
電子工業,5280,F-敦泰,twse,2021-05-17
光電業類,5281,大峽谷-KY,tpex,2021-05-17
電器電纜,5283,禾聯碩,twse,2021-05-17
其他,5284,jpp-KY,twse,2021-05-17
半導體業,5285,界霖,twse,2021-05-17
電子工業,5285,界霖,twse,2021-05-17
電子商務業,5287,數字,tpex,2021-05-17
電機機械,5288,豐祥-KY,twse,2021-05-17
電腦及週邊類,5289,宜鼎,tpex,2021-05-17
電子零組件類,5291,邑昇,tpex,2021-05-17
半導體類,5299,杰力,tpex,2021-05-17
觀光事業,5301,寶得利,tpex,2021-05-17
半導體類,5302,太欣,tpex,2021-05-17
電腦及週邊類,5304,鼎創達,tpex,2020-11-22
半導體業,5305,敦南,twse,2021-05-17
電子工業,5305,敦南,twse,2021-05-17
其他,5306,桂盟,tpex,2021-05-17
電子零組件類,5309,系統電,tpex,2021-05-17
資訊服務類,5310,天剛,tpex,2021-05-17
生技醫療類,5312,寶島科,tpex,2021-05-17
半導體類,5314,世紀,tpex,2021-05-17
光電業類,5315,光聯,tpex,2021-05-17
電子零組件類,5321,友銓,tpex,2021-05-17
建材營造,5324,士開,tpex,2021-05-17
電子零組件類,5328,華容,tpex,2021-05-17
電子零組件類,5340,建榮,tpex,2021-05-17
半導體類,5344,立衛,tpex,2021-05-17
電子零組件類,5345,天揚,tpex,2021-05-17
半導體類,5347,世界,tpex,2021-05-17
通信網路類,5348,系通,tpex,2021-05-17
電子零組件類,5349,先豐,tpex,2020-10-31
半導體類,5351,鈺創,tpex,2021-05-17
通信網路類,5353,台林,tpex,2021-05-17
電子零組件類,5355,佳總,tpex,2021-05-17
電腦及週邊類,5356,協益,tpex,2021-05-17
觀光事業,5364,力麗店,tpex,2021-05-17
光電業類,5371,中光電,tpex,2021-05-17
電子零組件類,5381,合正,tpex,2021-05-17
其他電子類,5383,金利,tpex,2021-05-17
電腦及週邊類,5386,青雲,tpex,2021-05-17
通信網路業,5388,中磊,twse,2021-05-17
電子工業,5388,中磊,twse,2021-05-17
光電業類,5392,應華,tpex,2021-05-17
其他,5398,慕康生醫,tpex,2021-05-17
資訊服務類,5403,中菲,tpex,2021-05-17
資訊服務類,5410,國眾,tpex,2021-05-17
半導體類,5425,台半,tpex,2021-05-17
電腦及週邊類,5426,振發,tpex,2021-05-17
光電業類,5432,達威,tpex,2021-05-17
電子工業,5434,崇越,twse,2021-05-17
電子通路業,5434,崇越,twse,2021-05-17
電腦及週邊類,5438,東友,tpex,2021-05-17
電子零組件類,5439,高技,tpex,2021-05-17
光電業類,5443,均豪,tpex,2021-05-17
電腦及週邊類,5450,寶聯通,tpex,2020-06-03
其他,5450,南良,tpex,2021-05-17
其他電子類,5452,佶優,tpex,2021-05-17
建材營造,5455,昇益,tpex,2021-05-17
電子零組件類,5457,宣德,tpex,2021-05-17
電子零組件類,5460,同協,tpex,2021-05-17
電子零組件類,5464,霖宏,tpex,2021-05-17
電腦及週邊類,5465,富驊,tpex,2021-05-17
半導體類,5468,凱鈺,tpex,2021-05-17
電子工業,5469,瀚宇博,twse,2021-05-17
電子零組件業,5469,瀚宇博,twse,2021-05-17
半導體業,5471,松翰,twse,2021-05-17
電子工業,5471,松翰,twse,2021-05-17
電腦及週邊類,5474,聰泰,tpex,2021-05-17
電子零組件類,5475,德宏,tpex,2021-05-17
文化創意業,5478,智冠,tpex,2021-05-17
電子零組件類,5481,新華,tpex,2020-06-03
其他,5481,新華,tpex,2021-05-17
半導體類,5483,中美晶,tpex,2021-05-17
光電業,5484,慧友,twse,2021-05-17
電子工業,5484,慧友,twse,2021-05-17
半導體類,5487,通泰,tpex,2021-05-17
電子零組件類,5488,松普,tpex,2021-05-17
其他電子類,5489,彩富,tpex,2021-05-17
電腦及週邊類,5490,同亨,tpex,2021-05-17
其他電子類,5493,三聯,tpex,2021-05-17
電子零組件類,5498,凱崴,tpex,2021-05-17
建材營造,5508,永信建,tpex,2021-05-17
建材營造,5511,德昌,tpex,2021-05-17
建材營造,5512,力麒,tpex,2021-05-17
建材營造,5514,三豐,tpex,2021-05-17
建材營造,5515,建國,twse,2021-05-17
建材營造,5516,雙喜,tpex,2021-05-17
建材營造,5519,隆大,twse,2021-05-17
建材營造,5520,力泰,tpex,2021-05-17
建材營造,5521,工信,twse,2021-05-17
建材營造,5522,遠雄,twse,2021-05-17
建材營造,5523,豐謙,tpex,2021-05-17
建材營造,5525,順天,twse,2021-05-17
建材營造,5529,志嘉,tpex,2021-05-17
其他,5530,龍巖,tpex,2021-05-17
建材營造,5531,鄉林,twse,2021-05-17
建材營造,5533,皇鼎,twse,2021-05-17
建材營造,5534,長虹,twse,2021-05-17
其他電子類,5536,聖暉,tpex,2021-05-17
鋼鐵工業,5538,東明-KY,twse,2021-05-17
建材營造,5543,桓鼎-KY,tpex,2021-05-17
建材營造,5546,永固-KY,twse,2021-05-17
航運業,5601,台聯櫃,tpex,2021-05-17
航運業,5603,陸海,tpex,2021-05-17
航運業,5604,中連貨,tpex,2021-05-17
航運業,5607,遠雄港,twse,2021-05-17
航運業,5608,四維航,twse,2021-05-17
航運業,5609,中菲行,tpex,2021-05-17
觀光事業,5701,劍湖山,tpex,2021-05-17
觀光事業,5703,亞都,tpex,2021-05-17
觀光事業,5704,老爺知,tpex,2021-05-17
觀光事業,5706,鳳凰,twse,2021-05-17
金融業,5820,日盛金,tpex,2021-05-17
金融保險,5854,合庫,twse,2021-05-17
金融業,5864,致和證,tpex,2021-05-17
其他,5871,中租-KY,twse,2021-05-17
其他,5871A,中租-KY甲特,twse,2021-05-17
金融保險,5876,上海商銀,twse,2021-05-17
金融業,5878,台名,tpex,2021-05-17
金融保險,5880,合庫金,twse,2021-05-17
貿易百貨,5902,德記,tpex,2021-05-17
貿易百貨,5903,全家,tpex,2021-05-17
貿易百貨,5904,寶雅,tpex,2021-05-17
貿易百貨,5905,南仁湖,tpex,2021-05-17
貿易百貨,5906,台南-KY,twse,2021-05-17
貿易百貨,5907,大洋-KY,twse,2021-05-17
金融保險,6004,元京證,twse,2021-05-17
金融保險,6005,群益證,twse,2021-05-17
金融保險,6012,金鼎證,twse,2021-05-17
金融業,6015,宏遠證,tpex,2021-05-17
金融業,6016,康和證,tpex,2021-05-17
金融業,6020,大展證,tpex,2021-05-17
金融業,6021,大慶證,tpex,2021-05-17
金融業,6023,元大期,tpex,2021-05-17
金融保險,6024,群益期,twse,2021-05-17
金融業,6026,福邦證,tpex,2021-05-17
文化創意業,6101,寬魚國際,tpex,2021-05-17
半導體類,6103,合邦,tpex,2021-05-17
半導體類,6104,創惟,tpex,2021-05-17
電子工業,6108,競國,twse,2021-05-17
電子零組件業,6108,競國,twse,2021-05-17
通信網路類,6109,亞元,tpex,2021-05-17
文化創意業,6111,大宇資,tpex,2021-05-17
資訊服務業,6112,聚碩,twse,2021-05-17
電子工業,6112,聚碩,twse,2021-05-17
電子通路類,6113,亞矽,tpex,2021-05-17
電子零組件類,6114,久威,tpex,2021-05-17
電子工業,6115,鎰勝,twse,2021-05-17
電子零組件業,6115,鎰勝,twse,2021-05-17
光電業,6116,彩晶,twse,2021-05-17
電子工業,6116,彩晶,twse,2021-05-17
電子工業,6117,迎廣,twse,2021-05-17
電腦及週邊設備業,6117,迎廣,twse,2021-05-17
電子通路類,6118,建達,tpex,2021-05-17
電子工業,6119,大傳,twse,2021-05-17
電子通路業,6119,大傳,twse,2021-05-17
光電業,6120,達運,twse,2021-05-17
電子工業,6120,達運,twse,2021-05-17
電腦及週邊類,6121,新普,tpex,2021-05-17
電機機械,6122,擎邦,tpex,2021-05-17
電腦及週邊類,6123,上奇,tpex,2021-05-17
電子零組件類,6124,業強,tpex,2021-05-17
光電業類,6125,廣運,tpex,2021-05-17
電子零組件類,6126,信音,tpex,2021-05-17
電子零組件類,6127,九豪,tpex,2021-05-17
電子工業,6128,上福,twse,2021-05-17
電腦及週邊設備業,6128,上福,twse,2021-05-17
半導體類,6129,普誠,tpex,2021-05-17
生技醫療類,6130,星寶國際,tpex,2021-05-17
光電業,6131,鈞泰,twse,2021-05-17
電子工業,6131,鈞泰,twse,2021-05-17
電子工業,6133,金橋,twse,2021-05-17
電子零組件業,6133,金橋,twse,2021-05-17
電子零組件類,6134,萬旭,tpex,2021-05-17
通信網路業,6136,富爾特,twse,2021-05-17
電子工業,6136,富爾特,twse,2021-05-17
半導體類,6138,茂達,tpex,2021-05-17
其他電子業,6139,亞翔,twse,2021-05-17
電子工業,6139,亞翔,twse,2021-05-17
資訊服務類,6140,訊達,tpex,2021-05-17
電子工業,6141,柏承,twse,2021-05-17
電子零組件業,6141,柏承,twse,2021-05-17
通信網路業,6142,友勁,twse,2021-05-17
電子工業,6142,友勁,twse,2021-05-17
通信網路類,6143,振曜,tpex,2021-05-17
文化創意業,6144,得利影,tpex,2021-05-17
電子工業,6145,勁永,twse,2021-05-17
電子通路業,6145,勁永,twse,2021-05-17
其他電子類,6146,耕興,tpex,2021-05-17
半導體類,6147,頎邦,tpex,2021-05-17
資訊服務類,6148,驊宏資,tpex,2021-05-17
電腦及週邊類,6150,撼訊,tpex,2021-05-17
其他電子類,6151,晉倫,tpex,2021-05-17
通信網路業,6152,百一,twse,2021-05-17
電子工業,6152,百一,twse,2021-05-17
電子工業,6153,嘉聯益,twse,2021-05-17
電子零組件業,6153,嘉聯益,twse,2021-05-17
電子通路類,6154,順發,tpex,2021-05-17
電子工業,6155,鈞寶,twse,2021-05-17
電子零組件業,6155,鈞寶,twse,2021-05-17
電子零組件類,6156,松上,tpex,2021-05-17
電子零組件類,6158,禾昌,tpex,2021-05-17
電腦及週邊類,6160,欣技,tpex,2021-05-17
電腦及週邊類,6161,捷波,tpex,2021-05-17
通信網路類,6163,華電網,tpex,2021-05-17
光電業,6164,華興,twse,2021-05-17
電子工業,6164,華興,twse,2021-05-17
電子工業,6165,浪凡,twse,2021-05-17
電子零組件業,6165,浪凡,twse,2021-05-17
電子工業,6166,凌華,twse,2021-05-17
電腦及週邊設備業,6166,凌華,twse,2021-05-17
光電業類,6167,久正,tpex,2021-05-17
光電業,6168,宏齊,twse,2021-05-17
電子工業,6168,宏齊,twse,2021-05-17
文化創意業,6169,昱泉,tpex,2021-05-17
通信網路類,6170,統振,tpex,2021-05-17
建材營造,6171,亞銳士,tpex,2021-05-17
電子工業,6172,互億,twse,2021-05-17
電腦及週邊設備業,6172,互億,twse,2021-05-17
電子零組件類,6173,信昌電,tpex,2021-05-17
電子零組件類,6174,安碁,tpex,2021-05-17
電子零組件類,6175,立敦,tpex,2021-05-17
光電業,6176,瑞儀,twse,2021-05-17
電子工業,6176,瑞儀,twse,2021-05-17
建材營造,6177,達麗,twse,2021-05-17
其他,6179,亞通,tpex,2021-05-17
文化創意業,6180,橘子,tpex,2021-05-17
半導體類,6182,合晶,tpex,2021-05-17
資訊服務業,6183,關貿,twse,2021-05-17
電子工業,6183,關貿,twse,2021-05-17
其他,6184,大豐電,twse,2021-05-17
電子零組件類,6185,幃翔,tpex,2021-05-17
建材營造,6186,新潤,tpex,2021-05-17
其他電子類,6187,萬潤,tpex,2021-05-17
電腦及週邊類,6188,廣明,tpex,2021-05-17
電子工業,6189,豐藝,twse,2021-05-17
電子通路業,6189,豐藝,twse,2021-05-17
通信網路類,6190,萬泰科,tpex,2021-05-17
電子工業,6191,精成科,twse,2021-05-17
電子零組件業,6191,精成科,twse,2021-05-17
其他電子業,6192,巨路,twse,2021-05-17
電子工業,6192,巨路,twse,2021-05-17
電子零組件類,6194,育富,tpex,2021-05-17
貿易百貨,6195,詩肯,tpex,2021-05-17
其他電子業,6196,帆宣,twse,2021-05-17
電子工業,6196,帆宣,twse,2021-05-17
電子工業,6197,佳必琪,twse,2021-05-17
電子零組件業,6197,佳必琪,twse,2021-05-17
半導體類,6198,凌泰,tpex,2021-05-17
其他,6199,天品,tpex,2021-05-17
其他電子業,6201,亞弘電,twse,2021-05-17
電子工業,6201,亞弘電,twse,2021-05-17
半導體業,6202,盛群,twse,2021-05-17
電子工業,6202,盛群,twse,2021-05-17
電子零組件類,6203,海韻電,tpex,2021-05-17
電子零組件類,6204,艾華,tpex,2021-05-17
電子工業,6205,詮欣,twse,2021-05-17
電子零組件業,6205,詮欣,twse,2021-05-17
電子工業,6206,飛捷,twse,2021-05-17
電腦及週邊設備業,6206,飛捷,twse,2021-05-17
電子零組件類,6207,雷科,tpex,2021-05-17
電子零組件類,6208,日揚,tpex,2021-05-17
光電業,6209,今國光,twse,2021-05-17
電子工業,6209,今國光,twse,2021-05-17
電子零組件類,6210,慶生,tpex,2021-05-17
建材營造,6212,理銘,tpex,2021-05-17
電子工業,6213,聯茂,twse,2021-05-17
電子零組件業,6213,聯茂,twse,2021-05-17
資訊服務業,6214,精誠,twse,2021-05-17
電子工業,6214,精誠,twse,2021-05-17
其他電子業,6215,和椿,twse,2021-05-17
電子工業,6215,和椿,twse,2021-05-17
通信網路業,6216,居易,twse,2021-05-17
電子工業,6216,居易,twse,2021-05-17
電子零組件類,6217,中探針,tpex,2021-05-17
通信網路類,6218,豪勉,tpex,2021-05-17
建材營造,6219,富旺,tpex,2021-05-17
電子零組件類,6220,岳豐,tpex,2021-05-17
資訊服務類,6221,晉泰,tpex,2021-05-17
光電業類,6222,上揚,tpex,2021-05-17
半導體類,6223,旺矽,tpex,2021-05-17
電子工業,6224,聚鼎,twse,2021-05-17
電子零組件業,6224,聚鼎,twse,2021-05-17
光電業,6225,天瀚,twse,2021-05-17
電子工業,6225,天瀚,twse,2021-05-17
光電業,6226,光鼎,twse,2021-05-17
電子工業,6226,光鼎,twse,2021-05-17
電子通路類,6227,茂綸,tpex,2021-05-17
電腦及週邊類,6228,全譜,tpex,2021-05-17
半導體類,6229,研通,tpex,2021-05-17
電子工業,6230,尼得科超眾,twse,2021-05-17
電腦及週邊設備業,6230,尼得科超眾,twse,2021-05-17
資訊服務類,6231,系微,tpex,2021-05-17
半導體類,6233,旺玖,tpex,2021-05-17
光電業類,6234,高僑,tpex,2021-05-17
電子工業,6235,華孚,twse,2021-05-17
電腦及週邊設備業,6235,華孚,twse,2021-05-17
其他,6236,康呈,tpex,2021-05-17
半導體類,6237,驊訊,tpex,2021-05-17
其他電子類,6238,勝麗,tpex,2020-06-13
半導體業,6239,力成,twse,2021-05-17
電子工業,6239,力成,twse,2021-05-17
資訊服務類,6240,松崗,tpex,2021-05-17
通信網路類,6241,易通展,tpex,2021-05-17
生技醫療類,6242,立康,tpex,2021-05-17
半導體業,6243,迅杰,twse,2021-05-17
電子工業,6243,迅杰,twse,2021-05-17
光電業類,6244,茂迪,tpex,2021-05-17
通信網路類,6245,立端,tpex,2021-05-17
光電業類,6246,臺龍,tpex,2021-05-17
其他電子類,6247,淇譽電,tpex,2021-05-17
鋼鐵工業,6248,沛波,tpex,2021-05-17
電子工業,6251,定穎,twse,2021-05-17
電子零組件業,6251,定穎,twse,2021-05-17
光電業,6255,奈普,twse,2021-05-17
電子工業,6255,奈普,twse,2021-05-17
半導體業,6257,矽格,twse,2021-05-17
電子工業,6257,矽格,twse,2021-05-17
電子零組件類,6259,百徽,tpex,2021-05-17
半導體類,6261,久元,tpex,2021-05-17
通信網路類,6263,普萊德,tpex,2021-05-17
建材營造,6264,富裔,tpex,2021-05-17
電子通路類,6265,方土昶,tpex,2021-05-17
電子零組件類,6266,泰詠,tpex,2021-05-17
電子工業,6269,台郡,twse,2021-05-17
電子零組件業,6269,台郡,twse,2021-05-17
電子通路類,6270,倍微,tpex,2021-05-17
半導體業,6271,同欣電,twse,2021-05-17
電子工業,6271,同欣電,twse,2021-05-17
電子零組件類,6274,台燿,tpex,2021-05-17
其他電子類,6275,元山,tpex,2021-05-17
電腦及週邊類,6276,安鈦克,tpex,2021-05-17
電子工業,6277,宏正,twse,2021-05-17
電腦及週邊設備業,6277,宏正,twse,2021-05-17
光電業,6278,台表科,twse,2021-05-17
電子工業,6278,台表科,twse,2021-05-17
電子零組件類,6279,胡連,tpex,2021-05-17
電子工業,6280,崇貿,twse,2021-05-17
電子工業,6281,全國電,twse,2021-05-17
電子通路業,6281,全國電,twse,2021-05-17
電子工業,6282,康舒,twse,2021-05-17
電子零組件業,6282,康舒,twse,2021-05-17
其他電子業,6283,淳安,twse,2021-05-17
電子工業,6283,淳安,twse,2021-05-17
電子零組件類,6284,佳邦,tpex,2021-05-17
通信網路業,6285,啟碁,twse,2021-05-17
電子工業,6285,啟碁,twse,2021-05-17
半導體業,6286,立錡,twse,2021-05-17
電子工業,6286,立錡,twse,2021-05-17
半導體類,6287,元隆,tpex,2021-05-17
汽車工業,6288,聯嘉,twse,2021-05-17
光電業,6289,華上,twse,2021-05-17
電子工業,6289,華上,twse,2021-05-17
電子零組件類,6290,良維,tpex,2021-05-17
半導體類,6291,沛亨,tpex,2021-05-17
電子零組件類,6292,迅德,tpex,2021-05-17
文化創意業,6294,智基,tpex,2021-05-17
資訊服務類,6404,通訊-KY,tpex,2021-05-17
光電業,6405,悅城,twse,2021-05-17
電子工業,6405,悅城,twse,2021-05-17
其他電子業,6409,旭隼,twse,2021-05-17
電子工業,6409,旭隼,twse,2021-05-17
半導體類,6411,晶焱,tpex,2021-05-17
電子工業,6412,群電,twse,2021-05-17
電子零組件業,6412,群電,twse,2021-05-17
電子工業,6414,樺漢,twse,2021-05-17
電腦及週邊設備業,6414,樺漢,twse,2021-05-17
半導體業,6415,矽力-KY,twse,2021-05-17
電子工業,6415,矽力-KY,twse,2021-05-17
通信網路業,6416,瑞祺電通,twse,2021-05-17
電子工業,6416,瑞祺電通,twse,2021-05-17
通信網路類,6417,韋僑,tpex,2021-05-17
電子零組件類,6418,詠昇,tpex,2021-05-17
光電業類,6419,京晨科,tpex,2021-05-17
電子工業,6422,君耀-KY,twse,2021-05-17
電子零組件業,6422,君耀-KY,twse,2021-05-17
電機機械,6425,易發,tpex,2021-05-17
通信網路類,6426,統新,tpex,2021-03-26
通信網路業,6426,統新,twse,2021-05-17
電子工業,6426,統新,twse,2021-05-17
光電業,6431,光麗-KY,twse,2021-05-17
電子工業,6431,光麗-KY,twse,2021-05-17
電子零組件類,6432,今展科,tpex,2021-05-17
半導體類,6435,大中,tpex,2021-05-17
其他電子類,6438,迅得,tpex,2021-01-21
其他電子業,6438,迅得,twse,2021-05-17
電子工業,6438,迅得,twse,2021-05-17
電腦及週邊類,6441,廣錠,tpex,2021-05-17
通信網路業,6442,光聖,twse,2021-05-17
電子工業,6442,光聖,twse,2021-05-17
光電業,6443,元晶,twse,2021-05-17
電子工業,6443,元晶,twse,2021-05-17
生技醫療類,6446,藥華藥,tpex,2021-05-17
電子工業,6449,鈺邦,twse,2021-05-17
電子零組件業,6449,鈺邦,twse,2021-05-17
半導體業,6451,訊芯-KY,twse,2021-05-17
電子工業,6451,訊芯-KY,twse,2021-05-17
化學生技醫療,6452,康友-KY,twse,2021-05-17
生技醫療業,6452,康友-KY,twse,2021-05-17
光電業,6456,GIS-KY,twse,2021-05-17
電子工業,6456,GIS-KY,twse,2021-05-17
半導體類,6457,紘康,tpex,2021-05-17
生技醫療類,6461,益得,tpex,2021-05-17
半導體類,6462,神盾,tpex,2021-05-17
其他,6464,台數科,twse,2021-05-17
通信網路類,6465,威潤,tpex,2021-05-17
生技醫療類,6469,大樹,tpex,2021-05-17
通信網路類,6470,宇智,tpex,2021-05-17
生技醫療類,6472,保瑞,tpex,2021-05-17
光電業,6477,安集,twse,2021-05-17
電子工業,6477,安集,twse,2021-05-17
文化創意業,6482,弘煜科,tpex,2021-05-17
半導體類,6485,點序,tpex,2021-05-17
通信網路類,6486,互動,tpex,2021-05-17
半導體類,6488,環球晶,tpex,2021-05-17
化學生技醫療,6491,晶碩,twse,2021-05-17
生技醫療業,6491,晶碩,twse,2021-05-17
生技醫療類,6492,生華科,tpex,2021-05-17
半導體類,6494,九齊,tpex,2021-05-17
生技醫療類,6496,科懋,tpex,2021-05-17
生技醫療類,6497,亞獅康-KY,tpex,2020-08-27
生技醫療類,6499,益安,tpex,2021-05-17
其他,6504,南六,twse,2021-05-17
油電燃氣業,6505,台塑化,twse,2021-05-17
化學工業,6506,雙邦,tpex,2021-05-17
農業科技業,6508,惠光,tpex,2021-05-17
化學工業,6509,聚和,tpex,2021-05-17
半導體類,6510,精測,tpex,2021-05-17
其他電子類,6512,啟發電,tpex,2021-05-17
通信網路類,6514,芮特-KY,tpex,2021-05-17
半導體業,6515,穎崴,twse,2021-05-17
電子工業,6515,穎崴,twse,2021-05-17
資訊服務類,6516,勤崴國際,tpex,2021-05-17
生技醫療類,6523,達爾膚,tpex,2021-05-17
半導體業,6525,捷敏-KY,twse,2021-05-17
電子工業,6525,捷敏-KY,twse,2021-05-17
生技醫療類,6527,明達醫,tpex,2021-05-17
通信網路類,6530,創威,tpex,2021-05-17
半導體業,6531,愛普,twse,2021-05-17
電子工業,6531,愛普,twse,2021-05-17
半導體類,6532,瑞耘,tpex,2021-05-17
半導體業,6533,晶心科,twse,2021-05-17
電子工業,6533,晶心科,twse,2021-05-17
生技醫療類,6535,順藥,tpex,2021-05-17
電子零組件類,6538,倉和,tpex,2021-05-17
化學生技醫療,6541,泰福-KY,twse,2021-05-17
生技醫療業,6541,泰福-KY,twse,2021-05-17
文化創意業,6542,隆中,tpex,2021-05-17
生技醫療類,6547,高端疫苗,tpex,2021-05-17
半導體類,6548,長科*,tpex,2021-05-17
半導體業,6552,易華電,twse,2021-05-17
電子工業,6552,易華電,twse,2021-05-17
光電業類,6556,勝品,tpex,2021-05-17
其他電子業,6558,興能高,twse,2021-05-17
電子工業,6558,興能高,twse,2021-05-17
光電業類,6560,欣普羅,tpex,2021-05-17
通信網路類,6561,是方,tpex,2021-05-17
半導體類,6568,宏觀,tpex,2021-05-17
生技醫療類,6569,醫揚,tpex,2021-05-17
電腦及週邊類,6570,維田,tpex,2021-05-17
半導體業,6573,虹揚-KY,twse,2021-05-17
電子工業,6573,虹揚-KY,twse,2021-05-17
生技醫療類,6574,霈方,tpex,2021-05-17
生技醫療類,6576,逸達,tpex,2021-05-17
電腦及週邊類,6577,勁豐,tpex,2021-05-17
農業科技業,6578,達邦蛋白,tpex,2021-05-17
電子工業,6579,研揚,twse,2021-05-17
電腦及週邊設備業,6579,研揚,twse,2021-05-17
其他,6581,鋼聯,twse,2021-05-17
橡膠工業,6582,申豐,twse,2021-05-17
通信網路類,6588,東典光電,tpex,2021-05-17
生技醫療類,6589,台康生技,tpex,2021-05-17
資訊服務類,6590,普鴻,tpex,2021-05-17
電子工業,6591,動力-KY,twse,2021-05-17
電腦及週邊設備業,6591,動力-KY,twse,2021-05-17
其他,6592,和潤企業,twse,2021-05-17
資訊服務類,6593,台灣銘板,tpex,2021-05-17
半導體類,6594,展匯科,tpex,2021-05-17
文化創意業,6596,寬宏藝術,tpex,2021-05-17
化學生技醫療,6598,ABC-KY,twse,2021-05-17
生技醫療業,6598,ABC-KY,twse,2021-05-17
電機機械,6603,富強鑫,tpex,2021-05-17
汽車工業,6605,帝寶,twse,2021-05-17
電機機械,6609,瀧澤科,tpex,2021-05-17
生技醫療類,6612,奈米醫材,tpex,2021-05-17
其他電子類,6613,朋億,tpex,2021-05-17
生技醫療類,6615,慧智,tpex,2021-05-17
其他,6616,特昇-KY,tpex,2021-05-17
其他,6624,萬年清,tpex,2021-05-17
其他,6625,必應,twse,2021-05-17
其他,6629,泰金-KY,tpex,2021-05-17
半導體類,6640,均華,tpex,2021-05-17
其他,6641,基士德-KY,twse,2021-05-17
電子零組件類,6642,富致,tpex,2021-05-17
半導體類,6643,M31,tpex,2021-05-17
生技醫療類,6649,台生材,tpex,2021-05-17
半導體類,6651,全宇昕,tpex,2021-05-17
其他電子類,6654,天正國際,tpex,2021-05-17
其他,6655,科定,twse,2021-05-17
生技醫療類,6661,威健生技,tpex,2021-05-17
生技醫療類,6662,樂斯科,tpex,2021-05-17
電子零組件類,6664,群翊,tpex,2021-05-17
化學生技醫療,6666,羅麗芬-KY,twse,2021-05-17
生技醫療業,6666,羅麗芬-KY,twse,2021-05-17
其他電子類,6667,信紘科,tpex,2021-05-17
光電業,6668,中揚光,twse,2021-05-17
電子工業,6668,中揚光,twse,2021-05-17
電子工業,6669,緯穎,twse,2021-05-17
電腦及週邊設備業,6669,緯穎,twse,2021-05-17
其他,6670,復盛應用,twse,2021-05-17
其他,6671,三能-KY,twse,2021-05-17
電子工業,6672,騰輝電子-KY,twse,2021-05-17
電子零組件業,6672,騰輝電子-KY,twse,2021-05-17
通信網路業,6674,鋐寶科技,twse,2021-05-17
電子工業,6674,鋐寶科技,twse,2021-05-17
半導體類,6679,鈺太,tpex,2021-05-17
電腦及週邊類,6680,鑫創電子,tpex,2021-05-17
半導體類,6683,雍智科技,tpex,2021-05-17
資訊服務類,6690,安碁資訊,tpex,2021-05-17
資訊服務類,6697,東捷資訊,tpex,2021-05-17
其他電子業,6698,旭暉應材,twse,2021-05-17
電子工業,6698,旭暉應材,twse,2021-05-17
航運業,6702,興航,twse,2021-05-17
生技醫療類,6703,軒郁,tpex,2021-05-17
光電業,6706,惠特,twse,2021-05-17
電子工業,6706,惠特,twse,2021-05-17
生技醫療類,6712,長聖,tpex,2021-05-17
電子工業,6715,嘉基,twse,2021-05-17
電子零組件業,6715,嘉基,twse,2021-05-17
半導體類,6716,應廣,tpex,2021-05-17
電子零組件類,6727,亞泰金屬,tpex,2021-05-17
貿易百貨,6728,上洋,tpex,2021-05-17
半導體類,6732,昇佳電子,tpex,2021-05-17
生技醫療類,6733,博晟生醫,tpex,2021-05-17
其他電子業,6743,安普新,twse,2021-05-17
電子工業,6743,安普新,twse,2021-05-17
生技醫療類,6747,亨泰光,tpex,2021-05-17
資訊服務類,6751,智聯服務,tpex,2021-05-17
資訊服務類,6752,叡揚,tpex,2021-05-17
其他,6754,匯僑設計,twse,2021-05-17
半導體業,6756,威鋒電子,twse,2021-05-17
電子工業,6756,威鋒電子,twse,2021-05-17
生技醫療類,6762,達亞,tpex,2021-05-17
生技醫療類,6767,台微醫,tpex,2021-05-17
其他,6768,志強-KY,twse,2021-05-17
電子工業,6776,展碁國際,twse,2021-05-17
電子通路業,6776,展碁國際,twse,2021-05-17
電子工業,6781,AES-KY,twse,2021-05-17
電子零組件業,6781,AES-KY,twse,2021-05-17
其他,6803,崑鼎,tpex,2021-05-17
所有證券 ,708785,信驊中信9B購01,tpex,2020-11-15
所有證券 ,709403,雙美國票9B購01,tpex,2020-11-15
所有證券 ,709966,金居群益9B購01,tpex,2020-11-15
所有證券 ,709972,旺矽元大9B購01,tpex,2020-11-15
所有證券 ,709983,群聯日盛9B購01,tpex,2020-11-15
所有證券 ,709985,大江富邦9B購02,tpex,2020-11-15
所有證券 ,709994,中美晶元大9B購01,tpex,2020-11-15
所有證券 ,710499,網家國泰9B購01,tpex,2020-11-15
所有證券 ,710502,泰博元大9B購01,tpex,2020-11-15
所有證券 ,710505,泰博富邦9B購01,tpex,2020-11-15
所有證券 ,710509,建榮凱基9B購01,tpex,2020-11-15
所有證券 ,710510,群聯凱基9B購03,tpex,2020-11-15
所有證券 ,710516,宇峻永豐9B購01,tpex,2020-11-15
所有證券 ,710533,鈊象元大9B購04,tpex,2020-11-15
所有證券 ,710534,鈺太元大9B購01,tpex,2020-11-15
所有證券 ,710553,穩懋統一9B購03,tpex,2020-11-15
所有證券 ,710560,宏捷科元大9B購02,tpex,2020-11-15
所有證券 ,710561,威剛元大9B購02,tpex,2020-11-15
所有證券 ,710566,碩禾元大9B購01,tpex,2020-11-15
所有證券 ,710569,中美晶富邦9B購04,tpex,2020-11-15
所有證券 ,710575,環球晶中信9B購01,tpex,2020-11-15
所有證券 ,710590,鈺太凱基9B購01,tpex,2020-11-15
所有證券 ,711126,聯亞元大9B購05,tpex,2020-11-15
所有證券 ,711127,頎邦元大9B購03,tpex,2020-11-15
所有證券 ,711131,胡連永豐9B購01,tpex,2020-11-15
所有證券 ,711132,僑威永豐9B購01,tpex,2020-11-15
所有證券 ,711133,寶雅永豐9B購01,tpex,2020-11-15
所有證券 ,711134,中美晶群益9B購03,tpex,2020-11-15
所有證券 ,711135,元太群益9B購01,tpex,2020-11-15
所有證券 ,711137,胡連群益9B購01,tpex,2020-11-15
所有證券 ,711139,中美晶凱基9B購02,tpex,2020-11-15
所有證券 ,711140,旺矽凱基9B購01,tpex,2020-11-15
所有證券 ,711141,胡連凱基9B購01,tpex,2020-11-15
所有證券 ,711145,環球晶國票9B購02,tpex,2020-11-15
所有證券 ,73107P,原相國票9B售02,tpex,2020-11-15
所有證券 ,73193P,神盾元大9B售04,tpex,2020-11-15
光電業類,7402,邑錡,tpex,2021-05-17
半導體類,7556,意德士,tpex,2021-05-17
電子工業,8008,建興電,twse,2021-05-17
電腦及週邊設備業,8008,建興電,twse,2021-05-17
通信網路業,8011,台通,twse,2021-05-17
電子工業,8011,台通,twse,2021-05-17
半導體業,8016,矽創,twse,2021-05-17
電子工業,8016,矽創,twse,2021-05-17
其他電子業,8021,尖點,twse,2021-05-17
電子工業,8021,尖點,twse,2021-05-17
半導體類,8024,佑華,tpex,2021-05-17
電機機械,8027,鈦昇,tpex,2021-05-17
半導體業,8028,昇陽半導體,twse,2021-05-17
電子工業,8028,昇陽半導體,twse,2021-05-17
電子通路類,8032,光菱,tpex,2021-05-17
其他,8033,雷虎,twse,2021-05-17
通信網路類,8034,榮群,tpex,2021-05-17
電子零組件類,8038,長園科,tpex,2021-05-17
電子工業,8039,台虹,twse,2021-05-17
電子零組件業,8039,台虹,twse,2021-05-17
半導體類,8040,九暘,tpex,2021-05-17
電子零組件類,8042,金山電,tpex,2021-05-17
電子零組件類,8043,蜜望實,tpex,2021-05-17
電子商務業,8044,網家,tpex,2021-05-17
電子工業,8046,南電,twse,2021-05-17
電子零組件業,8046,南電,twse,2021-05-17
其他電子類,8047,星雲,tpex,2021-05-17
通信網路類,8048,德勝,tpex,2021-05-17
光電業類,8049,晶采,tpex,2021-05-17
電腦及週邊類,8050,廣積,tpex,2021-05-17
半導體類,8054,安國,tpex,2021-05-17
通信網路類,8059,凱碩,tpex,2021-05-17
光電業類,8064,東捷,tpex,2021-05-17
貿易百貨,8066,來思達,tpex,2021-05-17
電子通路類,8067,志旭,tpex,2021-05-17
電子通路類,8068,全達,tpex,2021-05-17
光電業類,8069,元太,tpex,2021-05-17
電子工業,8070,長華*,twse,2021-05-17
電子通路業,8070,長華*,twse,2021-05-17
電子零組件類,8071,能率網通,tpex,2021-05-17
電子工業,8072,陞泰,twse,2021-05-17
電子通路業,8072,陞泰,twse,2021-05-17
電子零組件類,8074,鉅橡,tpex,2021-05-17
電腦及週邊類,8076,伍豐,tpex,2021-05-17
觀光事業,8077,洛碁,tpex,2021-05-17
通信網路業,8078,華寶,twse,2021-05-17
電子工業,8078,華寶,twse,2021-05-17
電子零組件類,8080,永利聯合,tpex,2021-04-09
半導體業,8081,致新,twse,2021-05-17
電子工業,8081,致新,twse,2021-05-17
電機機械,8083,瑞穎,tpex,2021-05-17
電子通路類,8084,巨虹,tpex,2021-05-17
其他電子類,8085,福華,tpex,2021-05-17
半導體類,8086,宏捷科,tpex,2021-05-17
光電業類,8087,華鎂鑫,tpex,2021-05-17
半導體類,8088,品安,tpex,2021-05-17
通信網路類,8089,康全電訊,tpex,2021-05-17
電子零組件類,8091,翔名,tpex,2021-05-17
其他電子類,8092,建暐,tpex,2021-05-17
電子零組件類,8093,保銳,tpex,2021-05-17
電子通路類,8096,擎亞,tpex,2021-05-17
通信網路類,8097,常珵,tpex,2021-05-17
資訊服務類,8099,大世科,tpex,2021-05-17
通信網路業,8101,華冠,twse,2021-05-17
電子工業,8101,華冠,twse,2021-05-17
電子工業,8103,瀚荃,twse,2021-05-17
電子零組件業,8103,瀚荃,twse,2021-05-17
光電業,8104,錸寶,twse,2021-05-17
電子工業,8104,錸寶,twse,2021-05-17
光電業,8105,凌巨,twse,2021-05-17
電子工業,8105,凌巨,twse,2021-05-17
電機機械,8107,大億金茂,tpex,2021-05-17
電子零組件類,8109,博大,tpex,2021-05-17
半導體業,8110,華東,twse,2021-05-17
電子工業,8110,華東,twse,2021-05-17
光電業類,8111,立碁,tpex,2021-05-17
電子工業,8112,至上,twse,2021-05-17
電子通路業,8112,至上,twse,2021-05-17
電子工業,8114,振樺電,twse,2021-05-17
電腦及週邊設備業,8114,振樺電,twse,2021-05-17
電子零組件類,8121,越峰,tpex,2021-05-17
半導體業,8131,福懋科,twse,2021-05-17
電子工業,8131,福懋科,twse,2021-05-17
電子零組件類,8147,正淩,tpex,2021-05-17
半導體業,8150,南茂,twse,2021-05-17
電子工業,8150,南茂,twse,2021-05-17
電子零組件類,8155,博智,tpex,2021-05-17
電子工業,8163,達方,twse,2021-05-17
電腦及週邊設備業,8163,達方,twse,2021-05-17
通信網路類,8171,天宇,tpex,2021-05-17
通信網路類,8176,智捷,tpex,2021-05-17
電子零組件類,8182,加高,tpex,2021-05-17
其他電子類,8183,精星,tpex,2021-05-17
光電業,8199,廣鎵,twse,2021-05-17
電子工業,8199,廣鎵,twse,2021-05-17
其他電子業,8201,無敵,twse,2021-05-17
電子工業,8201,無敵,twse,2021-05-17
電子工業,8210,勤誠,twse,2021-05-17
電腦及週邊設備業,8210,勤誠,twse,2021-05-17
電子工業,8213,志超,twse,2021-05-17
電子零組件業,8213,志超,twse,2021-05-17
光電業,8215,明基材,twse,2021-05-17
電子工業,8215,明基材,twse,2021-05-17
電機機械,8222,寶一,twse,2021-05-17
電腦及週邊類,8234,新漢,tpex,2021-05-17
光電業類,8240,華宏,tpex,2021-05-17
電子工業,8249,菱光,twse,2021-05-17
電子零組件業,8249,菱光,twse,2021-05-17
電機機械,8255,朋程,tpex,2021-05-17
半導體業,8261,富鼎,twse,2021-05-17
電子工業,8261,富鼎,twse,2021-05-17
半導體業,8271,宇瞻,twse,2021-05-17
電子工業,8271,宇瞻,twse,2021-05-17
半導體類,8277,商丞,tpex,2021-05-17
生技醫療類,8279,生展,tpex,2021-05-17
資訊服務類,8284,三竹,tpex,2021-05-17
電子零組件類,8289,泰藝,tpex,2021-05-17
電子零組件類,8291,尚茂,tpex,2021-05-17
半導體類,8299,群聯,tpex,2021-05-17
其他,8341,日友,twse,2021-05-17
其他,8342,益張,tpex,2021-05-17
鋼鐵工業,8349,恒耀,tpex,2021-05-17
鋼鐵工業,8349A,恒耀甲特,tpex,2021-05-17
塑膠工業,8354,冠好,tpex,2021-05-17
電子零組件類,8358,金居,tpex,2021-05-17
航運業,8367,建新國際,twse,2021-05-17
電機機械,8374,羅昇,twse,2021-05-17
其他電子類,8383,千附,tpex,2021-05-17
其他,8390,金益鼎,tpex,2021-05-17
其他,8401,白紗科,tpex,2021-05-17
生技醫療類,8403,盛弘,tpex,2021-05-17
其他,8404,百和興業-KY,twse,2021-05-17
生技醫療類,8406,金可-KY,tpex,2021-05-17
生技醫療類,8409,商之器,tpex,2021-05-17
電腦及週邊類,8410,森田,tpex,2021-05-17
其他,8411,福貞-KY,twse,2021-05-17
鋼鐵工業,8415,大國鋼,tpex,2021-05-17
資訊服務類,8416,實威,tpex,2021-05-17
其他,8418,捷必勝-KY,tpex,2021-05-17
其他,8420,明揚,tpex,2021-05-17
其他,8421,旭源,tpex,2021-05-17
其他,8422,可寧衛,twse,2021-05-17
其他,8423,保綠-KY,tpex,2021-05-17
建材營造,8424,惠普,tpex,2021-05-17
其他,8426,紅木-KY,tpex,2021-05-17
其他,8427,基勝-KY,twse,2021-05-17
貿易百貨,8429,金麗-KY,twse,2021-05-17
其他電子類,8431,匯鑽科,tpex,2021-05-17
生技醫療類,8432,東生華,tpex,2021-05-17
貿易百貨,8433,弘帆,tpex,2021-05-17
其他,8435,鉅邁,tpex,2021-05-17
生技醫療類,8436,大江,tpex,2021-05-17
其他,8437,大地-KY,tpex,2021-05-17
其他,8440,綠電,tpex,2021-05-17
其他,8442,威宏-KY,twse,2021-05-17
貿易百貨,8443,阿瘦,twse,2021-05-17
其他,8444,綠河-KY,tpex,2021-05-17
文化創意業,8446,華研,tpex,2021-05-17
文化創意業,8450,霹靂,tpex,2021-05-17
貿易百貨,8454,富邦媒,twse,2021-05-17
其他電子類,8455,大拓-KY,tpex,2021-05-17
觀光事業,8462,柏文,twse,2021-05-17
其他,8463,潤泰材,twse,2021-05-17
其他,8464,億豐,twse,2021-05-17
其他,8466,美吉吉-KY,twse,2021-05-17
其他,8467,波力-KY,twse,2021-05-17
電子商務業,8472,夠麻吉,tpex,2021-05-17
其他,8473,山林水,twse,2021-05-17
其他,8476,台境,tpex,2021-05-17
電子商務業,8477,創業家,tpex,2021-05-17
其他,8478,東哥遊艇,twse,2021-05-17
其他,8480,泰昇-KY,twse,2021-05-17
其他,8481,政伸,twse,2021-05-17
其他,8482,商億-KY,twse,2021-05-17
其他,8488,吉源-KY,twse,2021-05-17
文化創意業,8489,三貝德,tpex,2021-05-17
其他,8497,格威傳媒,twse,2021-05-17
其他,8499,鼎炫-KY,twse,2021-05-17
其他,8905,裕國,tpex,2021-05-17
其他,8906,花王,tpex,2021-05-17
油電燃氣類,8908,欣雄,tpex,2021-05-17
其他,8916,光隆,tpex,2021-05-17
其他,8916A,光隆甲特,tpex,2021-05-17
油電燃氣類,8917,欣泰,tpex,2021-05-17
其他,8921,沈氏,tpex,2021-05-17
文化創意業,8923,時報,tpex,2021-05-17
其他,8924,大田,tpex,2021-05-17
油電燃氣業,8926,台汽電,twse,2021-05-17
油電燃氣類,8927,北基,tpex,2021-05-17
其他,8928,鉅明,tpex,2021-05-17
其他,8929,富堡,tpex,2021-05-17
鋼鐵工業,8930,青鋼,tpex,2021-05-17
油電燃氣類,8931,大汽電,tpex,2021-05-17
其他,8932,宏大,tpex,2021-05-17
其他,8933,愛地雅,tpex,2021-05-17
其他,8934,衡平,tpex,2020-11-20
其他,8935,邦泰,tpex,2021-05-17
其他,8936,國統,tpex,2021-05-17
其他,8937,合騏,tpex,2021-05-17
其他,8938,明安,tpex,2021-05-17
觀光事業,8940,新天地,twse,2021-05-17
貿易百貨,8941,關中,tpex,2021-05-17
其他,8942,森鉅,tpex,2021-05-17
電機機械,8996,高力,twse,2021-05-17
存託憑證,910069,新曄,twse,2021-05-17
存託憑證,9101,福雷電,twse,2021-05-17
存託憑證,9102,東亞科,twse,2021-05-17
存託憑證,9103,美德醫療-DR,twse,2021-05-17
存託憑證,910322,康師傅-DR,twse,2021-05-17
存託憑證,9104,萬宇科,twse,2021-05-17
存託憑證,910482,聖馬丁-DR,twse,2021-05-17
存託憑證,9105,泰金寶-DR,twse,2021-05-17
存託憑證,910579,歐聖,twse,2021-05-17
存託憑證,9106,新焦點-DR,twse,2021-05-17
存託憑證,910708,恒大健-DR,twse,2021-05-17
存託憑證,910801,金衛-DR,twse,2021-05-17
存託憑證,910861,神州-DR,twse,2021-05-17
存託憑證,910948,融達,twse,2021-05-17
存託憑證,9110,越南控-DR,twse,2021-05-17
存託憑證,911201,僑威控,twse,2021-05-17
存託憑證,911602,華豐泰,twse,2021-05-17
存託憑證,911606,超級,twse,2021-05-17
存託憑證,911608,明輝-DR,twse,2021-05-17
存託憑證,911609,揚子江,twse,2021-05-17
存託憑證,911610,聯環,twse,2021-05-17
存託憑證,911611,中泰山-DR,twse,2021-05-17
存託憑證,911612,滬安,twse,2021-05-17
存託憑證,911616,杜康-DR,twse,2021-05-17
存託憑證,911619,耀傑-DR,twse,2021-05-17
存託憑證,911622,泰聚亨-DR,twse,2021-05-17
存託憑證,911626,MSH-DR,twse,2021-05-17
存託憑證,911868,同方友友-DR,twse,2021-05-17
存託憑證,912000,晨訊科-DR,twse,2021-05-17
存託憑證,912398,友佳-DR,twse,2021-05-17
存託憑證,9136,巨騰-DR,twse,2021-05-17
存託憑證,913889,大成糖,twse,2021-05-17
存託憑證,9151,旺旺,twse,2021-05-17
存託憑證,9157,陽光能源-DR,twse,2021-05-17
存託憑證,916665,爾必達,twse,2021-05-17
存託憑證,9188,精熙-DR,twse,2021-05-17
貿易百貨,9801,力霸,twse,2021-05-17
其他,9802,鈺齊-KY,twse,2021-05-17
其他,9902,台火,twse,2021-05-17
其他,9904,寶成,twse,2021-05-17
其他,9905,大華,twse,2021-05-17
建材營造,9906,欣巴巴,twse,2021-05-17
其他,9907,統一實,twse,2021-05-17
油電燃氣業,9908,大台北,twse,2021-05-17
其他,9910,豐泰,twse,2021-05-17
其他,9911,櫻花,twse,2021-05-17
電子工業,9912,偉聯,twse,2021-05-17
電腦及週邊設備業,9912,偉聯,twse,2021-05-17
其他,9914,美利達,twse,2021-05-17
其他,9915,億豐,twse,2021-05-17
其他,9917,中保科,twse,2021-05-17
油電燃氣業,9918,欣天然,twse,2021-05-17
其他,9919,康那香,twse,2021-05-17
其他,9921,巨大,twse,2021-05-17
其他,9922,優美,twse,2021-05-17
其他,9924,福興,twse,2021-05-17
其他,9925,新保,twse,2021-05-17
油電燃氣業,9926,新海,twse,2021-05-17
其他,9927,泰銘,twse,2021-05-17
其他,9928,中視,twse,2021-05-17
其他,9929,秋雨,twse,2021-05-17
其他,9930,中聯資源,twse,2021-05-17
油電燃氣業,9931,欣高,twse,2021-05-17
其他,9933,中鼎,twse,2021-05-17
其他,9934,成霖,twse,2021-05-17
其他,9935,慶豐富,twse,2021-05-17
油電燃氣業,9937,全國,twse,2021-05-17
其他,9938,百和,twse,2021-05-17
其他,9939,宏全,twse,2021-05-17
其他,9940,信義,twse,2021-05-17
其他,9941,裕融,twse,2021-05-17
其他,9941A,裕融甲特,twse,2021-05-17
其他,9942,茂順,twse,2021-05-17
觀光事業,9943,好樂迪,twse,2021-05-17
其他,9944,新麗,twse,2021-05-17
其他,9945,潤泰新,twse,2021-05-17
建材營造,9946,三發地產,twse,2021-05-17
文化創意業,9949,琉園,tpex,2021-05-17
塑膠工業,9950,萬國通,tpex,2021-05-17
電機機械,9951,皇田,tpex,2021-05-17
其他,9955,佳龍,twse,2021-05-17
鋼鐵工業,9958,世紀鋼,twse,2021-05-17
貿易百貨,9960,邁達康,tpex,2021-05-17
鋼鐵工業,9962,有益,tpex,2021-05-17
Index,Automobile,汽車類指數,twse,None
Index,BiotechnologyMedicalCare,生技醫療類指數,twse,None
Index,BuildingMaterialConstruction,建材營造類指數,twse,None
Index,Cement,水泥類指數,twse,None
Index,Chemical,化學類指數,twse,None
Index,ChemicalBiotechnologyMedicalCare,化學生技醫療類指數,twse,None
Index,CommunicationsInternet,通信網路類指數,twse,None
Index,ComputerPeripheralEquipment,電腦及週邊設備類指數,twse,None
Index,ElectricMachinery,電機機械類指數,twse,None
Index,ElectricalCable,電器電纜類指數,twse,None
Index,Electronic,電子類指數,twse,None
Index,ElectronicPartsComponents,電子零組件類指數,twse,None
Index,ElectronicProductsDistribution,電子通路類指數,twse,None
Index,FinancialInsurance,金融保險類指數,twse,None
Index,Food,食品類指數,twse,None
Index,GlassCeramic,玻璃陶瓷類指數,twse,None
Index,InformationService,資訊服務類指數,twse,None
Index,IronSteel,鋼鐵類指數,twse,None
Index,OilGasElectricity,油電燃氣類指數,twse,None
Index,Optoelectronic,光電類指數,twse,None
Index,Other,其他類指數,twse,None
Index,OtherElectronic,其他電子類指數,twse,None
Index,PaperPulp,造紙類指數,twse,None
Index,Plastics,塑膠類指數,twse,None
Index,Rubber,橡膠類指數,twse,None
Index,Semiconductor,半導體類指數,twse,None
Index,ShippingTransportation,航運業類指數,twse,None
大盤,TAIEX,加權指數,twse,None
大盤,TPEx,櫃買指數,tpex,None
Index,Textiles,紡織纖維類指數,twse,None
Index,Tourism,觀光事業類指數,twse,None
Index,TradingConsumersGoods,貿易百貨類指數,twse,None